Sisqo,Thong_Song,253733,hiphop-pop-R&B,0.706
Eminem,The_Real_Slim_Shady,284200,hiphop,0.949
Robbie_Williams,Rock_DJ,258560,pop-rock,0.708
Destiny's_Child,Say_My_Name,271333,pop-R&B,0.713
Modjo,Lady,307153,Dance/Electronic,0.72
Gigi_D'Agostino,L'Amour_Toujours,238759,pop,0.617
Eiffel_65,Move_Your_Body,268863,pop,0.745
Bomfunk_MC's,Freestyler,306333,pop,0.822
Sting,Desert_Rose,285960,rock-pop,0.586
Melanie_C,Never_Be_The_Same_Again,294200,pop-Dance/Electronic,0.689
Aaliyah,Try_Again,284000,hiphop-pop-R&B,0.797
Anastacia,I'm_Outta_Love,245400,pop,0.761
Alice_Deejay,Better_Off_Alone,214883,pop,0.671
Gigi_D'Agostino,The_Riddle,285426,pop,0.74
Dr._Dre,The_Next_Episode,161506,hiphop,0.922
Linkin_Park,In_the_End,216880,rock-metal,0.556
Tom_Jones,Sexbomb,211893,rock-Folk/Acoustic-easy_listening,0.801
Sonique,It_Feels_So_Good,240866,pop,0.634
M.O.P.,Cold_as_Ice,244466,hiphop,0.656
Melanie_C,I_Turn_To_You,352173,pop-Dance/Electronic,0.522
Limp_Bizkit,Take_A_Look_Around,321040,metal,0.425
Darude,Sandstorm,225493,pop-Dance/Electronic,0.528
Da_Brat,What'chu_Like,221160,hiphop-pop-R&B,0.879
Moloko,The_Time_Is_Now,318280,pop-Dance/Electronic,0.682
Chicane,Don't_Give_Up,210786,Dance/Electronic,0.644
DMX,Party_Up,268866,hiphop-pop,0.51
Debelah_Morgan,Dance_with_Me,220106,pop-R&B,0.85
Britney_Spears,Oops!...I_Did_It_Again,211160,pop,0.751
blink_182,All_The_Small_Things,167066,rock-pop,0.434
Faith_Hill,Breathe,250546,pop-country,0.529
Bon_Jovi,It's_My_Life,224493,rock-metal,0.551
*NSYNC,Bye_Bye_Bye,200560,pop,0.614
Madonna,Music,225973,pop,0.736
Ruff_Endz,No_More,242560,R&B,0.839
Britney_Spears,Born_to_Make_You_Happy,243533,pop,0.633
Montell_Jordan,Get_It_On_Tonite,276266,hiphop-pop-R&B,0.813
Kylie_Minogue,Spinning_Around,207866,pop-Dance/Electronic,0.761
JAY,Big_Pimpin',283066,hiphop,0.88
LeAnn_Rimes,I_Need_You,229826,pop-country,0.478
Avant,Separated,255600,pop-R&B,0.798
Enrique_Iglesias,Be_With_You,219360,pop-latin,0.683
Toni_Braxton,He_Wasn't_Man_Enough,261933,pop-R&B,0.739
Bow_Wow,Bounce_With_Me,175893,hiphop-pop-R&B,0.852
Dr._Dre,Forgot_About_Dre,222293,hiphop,0.924
Missy_Elliott,Hot_Boyz,215466,hiphop-pop-R&B,0.727
Backstreet_Boys,Show_Me_the_Meaning_of_Being_Lonely,234960,pop,0.63
Samantha_Mumba,Gotta_Tell_You,201946,pop,0.729
Mya,Case_Of_The_Ex,236906,pop-R&B,0.772
Mary_Mary,Shackles,198346,R&B,0.779
Next,Wifey,243666,hiphop-pop-R&B,0.829
Janet_Jackson,Doesn't_Really_Matter,265026,pop-R&B,0.771
Ricky_Martin,She_Bangs,280626,pop-latin,0.63
Jagged_Edge,He_Can't_Love_U,244053,hiphop-pop-R&B,0.721
Sisqo,Incomplete,274226,hiphop-pop-R&B,0.746
JAY,I_Just_Wanna_Love_U,227866,hiphop,0.8
Mariah_Carey,Thank_God_I_Found_You,257360,pop-R&B,0.348
Baha_Men,Who_Let_The_Dogs_Out,198400,R&B,0.869
Donell_Jones,U_Know_What's_Up,243733,pop-R&B,0.854
LeAnn_Rimes,Can't_Fight_The_Moonlight,215506,pop-country,0.628
Oasis,Go_Let_It_Out,278666,Folk/Acoustic-rock,0.408
DJ_Atzi,Hey_Baby,219240,pop-easy_listening-Dance/Electronic,0.666
P!nk,Most_Girls,298960,pop,0.742
Mariah_Carey,Against_All_Odds,199480,pop-R&B,0.471
Craig_David,Fill_Me_In,257200,hiphop-pop-R&B,0.682
Christina_Aguilera,I_Turn_to_You,273706,pop,0.599
Madonna,American_Pie,273533,pop,0.631
Red_Hot_Chili_Peppers,Otherside,255373,rock,0.458
Sammie,I_Like_It,251040,hiphop-pop-R&B,0.826
Craig_David,7_Days,235133,hiphop-pop-R&B,0.659
Santana,Maria_Maria,261973,rock-blues-latin,0.777
Kandi,Don't_Think_I'm_Not,243533,pop-R&B,0.859
P!nk,There_You_Go,202800,pop,0.822
Vengaboys,Shalala_Lala,214819,pop,0.751
Ronan_Keating,Life_Is_A_Rollercoaster,234826,pop-rock,0.655
Madison_Avenue,Don't_Call_Me_Baby,228140,Dance/Electronic,0.808
Destiny's_Child,Jumpin,230200,pop-R&B,0.771
Celine_Dion,That's_the_Way_It_Is,241373,pop,0.634
3_Doors_Down,Kryptonite,233933,pop-rock-metal,0.545
Carl_Thomas,I_Wish,226760,pop-R&B,0.736
Mystikal,Shake_Ya_Ass,256973,hiphop-pop,0.914
Fuel,Hemorrhage,236866,rock-pop-metal,0.313
Donell_Jones,Where_I_Wanna_Be,253626,pop-R&B,0.664
Savage_Garden,Crash_and_Burn,281466,pop,0.581
Westlife,My_Love,231760,pop,0.491
All_Saints,Pure_Shores,268746,pop,0.631
Destiny's_Child,Independent_Women,221133,pop-R&B,0.73
*NSYNC,It's_Gonna_Be_Me,191040,pop,0.644
Erykah_Badu,Bag_Lady,348893,hiphop-R&B,0.724
Marc_Anthony,You_Sang_To_Me,347106,pop-latin,0.578
Matchbox_Twenty,Bent,256133,pop-rock,0.518
Gabrielle,Rise,219093,pop-R&B,0.558
Backstreet_Boys,Shape_of_My_Heart,230093,pop,0.575
Creed,With_Arms_Wide_Open,274800,pop-rock-metal,0.41
The_Corrs,Breathless,207506,pop-Folk/Acoustic,0.607
Joe,I_Wanna_Know,296693,pop-R&B,0.725
Wheatus,Teenage_Dirtbag,241666,pop,0.625
Christina_Aguilera,Come_on_over_Baby,203333,pop,0.829
Creed,Higher,316733,pop-rock-metal,0.459
Britney_Spears,Lucky,206226,pop,0.765
Nelly,Country_Grammar,287000,hiphop-pop-R&B,0.865
Shaggy,It_Wasn't_Me,227600,hiphop-pop,0.853
Destiny's_Child,Survivor,254026,pop-R&B,0.514
Eminem,Stan,404106,hiphop,0.78
Kylie_Minogue,Can't_Get_You_out_of_My_Head,230640,pop-Dance/Electronic,0.766
Christina_Aguilera,Lady_Marmalade,264893,pop,0.76
Nelly_Furtado,I'm_Like_A_Bird,243160,hiphop-pop-latin,0.622
Shakira,Whenever_Wherever,196160,pop-latin,0.794
Jimmy_Eat_World,The_Middle,165853,rock-pop,0.643
Train,Drops_of_Jupiter,259933,pop,0.481
Geri_Halliwell,It's_Raining_Men,254640,pop,0.637
Blu_Cantrell,Hit_'Em_Up_Style,250706,pop-R&B,0.667
Britney_Spears,I'm_a_Slave_4_U,203600,pop,0.847
Kylie_Minogue,In_Your_Eyes,197826,pop-Dance/Electronic,0.689
Missy_Elliott,One_Minute_Man,252986,hiphop-pop-R&B,0.622
Mary_J._Blige,Family_Affair,265866,pop-R&B,0.911
Faithless,We_Come_1,222435,pop-Dance/Electronic,0.645
Limp_Bizkit,Rollin',213760,metal,0.603
Lasgo,Something,220973,pop,0.643
iio,Rapture,253586,Dance/Electronic,0.661
Emma_Bunton,What_Took_You_So_Long?,241000,pop,0.668
112,It's_Over_Now,264933,hiphop-pop-R&B,0.66
Blue,All_Rise,223546,pop,0.721
Jessica_Simpson,Irresistible,194026,pop-R&B,0.657
Crazy_Town,Butterfly,216733,rock-metal,0.736
Michael_Jackson,You_Rock_My_World,337733,pop-R&B,0.854
Eve,Let_Me_Blow_Ya_Mind,230133,hiphop-pop-R&B,0.908
Jennifer_Lopez,Ain't_It_Funny,246160,hiphop-pop-R&B,0.707
Brandy,Another_Day_in_Paradise,271626,hiphop-pop-R&B,0.7
Nickelback,How_You_Remind_Me,223840,rock-metal,0.446
Daft_Punk,One_More_Time,320357,hiphop-Dance/Electronic,0.613
Outkast,Ms._Jackson,270506,hiphop-pop,0.843
Fragma,Everytime_You_Need_Me,213346,pop-Dance/Electronic,0.682
Mariah_Carey,Loverboy,229173,pop-R&B,0.721
Dido,Thank_You,218360,pop,0.725
Joe,Stutter,213026,pop-R&B,0.767
P.O.D.,Youth_of_the_Nation,256240,rock-metal,0.563
Jennifer_Lopez,Play,211493,hiphop-pop-R&B,0.775
Missy_Elliott,Get_Ur_Freak_On,211120,hiphop-pop-R&B,0.797
Ricky_Martin,Nobody_Wants_to_Be_Lonely,252706,pop-latin,0.635
Christina_Milian,AM_To_PM,231213,hiphop-pop-R&B,0.872
Roger_Sanchez,Another_Chance,452906,Dance/Electronic,0.61
Gorillaz,Clint_Eastwood,340920,hiphop,0.663
2Pac,Until_The_End_Of_Time,266506,hiphop,0.757
Tamia,Stranger_in_My_House,285386,pop-R&B,0.676
Mary_J._Blige,No_More_Drama,326240,pop-R&B,0.653
Jennifer_Lopez,Love_Don't_Cost_a_Thing,221226,hiphop-pop-R&B,0.786
Jamiroquai,Little_L,295400,pop,0.878
Case,Missing_You,284666,hiphop-pop-R&B,0.612
112,Peaches_&_Cream,193093,hiphop-pop-R&B,0.677
Five,Let's_Dance,218626,pop,0.631
Rui_Da_Silva,Touch_Me,213133,Dance/Electronic,0.464
Alien_Ant_Farm,Smooth_Criminal,209266,rock-metal,0.653
Erick_Sermon,Music,223133,hiphop-pop,0.897
D12,Purple_Pills,304506,hiphop-pop-rock,0.78
Usher,Pop_Ya_Collar,210813,hiphop-pop-R&B,0.888
Madonna,Don't_Tell_Me,280973,pop,0.699
Blue,If_You_Come_Back,207560,pop,0.582
Atomic_Kitten,Eternal_Flame,195506,pop,0.578
Jagged_Edge,Where_the_Party_At,232573,hiphop-pop-R&B,0.596
Afroman,Because_I_Got_High,197760,hiphop,0.802
S_Club_7,Don't_Stop_Movin',233626,pop,0.822
Craig_David,Fill_Me_In,257200,hiphop-pop-R&B,0.682
Nelly_Furtado,Turn_Off_The_Light,276106,hiphop-pop-latin,0.587
The_Supermen_Lovers,Starlight,234400,Dance/Electronic,0.739
Mis,All_I_Want,207400,pop-Dance/Electronic,0.795
Jagged_Edge,Promise,246720,hiphop-pop-R&B,0.751
S_Club_7,Have_You_Ever,201533,pop,0.585
Enya,Only_Time,218546,World/Traditional-Folk/Acoustic,0.418
Faith_Hill,There_You'll_Be,222120,pop-country,0.321
Ronan_Keating,Lovin'_Each_Day,212973,pop-rock,0.541
Destiny's_Child,Bootylicious,207906,pop-R&B,0.84
Steps,It's_the_Way_You_Make_Me_Feel,197360,pop-Dance/Electronic,0.573
Sunshine_Anderson,Heard_It_All_Before,295826,pop-R&B,0.697
Lenny_Kravitz,Again,231666,rock-pop,0.55
Daniel_Bedingfield,Gotta_Get_Thru_This,162333,pop,0.836
DB_Boulevard,Point_Of_View,231166,Dance/Electronic,0.676
Janet_Jackson,All_For_You,329933,pop-R&B,0.753
Atomic_Kitten,Whole_Again,185013,pop,0.747
Ja_Rule,Livin'_It_Up,257066,hiphop-pop-R&B,0.874
Destiny's_Child,Independent_Women,221133,pop-R&B,0.73
DJ_Pied_Piper,Do_You_Really_Like_It?,217120,Dance/Electronic,0.847
Jennifer_Lopez,I'm_Real,262133,hiphop-pop-R&B,0.708
Musiq_Soulchild,Love,304666,pop-R&B,0.569
So_Solid_Crew,21_Seconds,302826,Dance/Electronic,0.607
Robbie_Williams,Eternity,302760,pop-rock,0.469
Basement_Jaxx,Romeo,217493,pop-Dance/Electronic,0.713
Ludacris,Southern_Hospitality,300933,hiphop-pop,0.623
Gabrielle,Rise,219093,pop-R&B,0.558
Nelly,Ride_Wit_Me,291781,hiphop-pop-R&B,0.85
Trick_Daddy,I'm_a_Thug,254400,hiphop-pop,0.933
Travis,Sing,228800,rock-pop,0.33
JAY,Izzo,240626,hiphop,0.618
Gabrielle,Out_Of_Reach,196986,pop-R&B,0.51
OPM,Heaven_Is_a_Halfpipe,257426,rock,0.743
K,Crazy,262773,pop-R&B,0.68
Staind,It's_Been_Awhile,264706,rock-metal,0.509
3LW,No_More,263440,pop-R&B,0.721
Ginuwine,Differences,265533,hiphop-pop-R&B,0.562
*NSYNC,Gone,292000,pop,0.699
Lifehouse,Hanging_By_A_Moment,216360,pop-rock-metal,0.537
Nelly,Dilemma,289160,hiphop-pop-R&B,0.727
Eminem,Without_Me,290320,hiphop,0.908
Avril_Lavigne,Complicated,244506,pop,0.585
Vanessa_Carlton,A_Thousand_Miles,237493,Folk/Acoustic-pop,0.56
The_Calling,Wherever_You_Will_Go,208600,pop,0.558
Shakira,Underneath_Your_Clothes,224066,pop-latin,0.616
No_Doubt,Underneath_It_All,302720,rock-pop,0.729
Truth_Hurts,Addictive,226440,pop-R&B,0.701
Busta_Rhymes,I_Know_What_You_Want,324306,hiphop-pop,0.648
Eminem,'Till_I_Collapse,297786,hiphop,0.548
Diddy,I_Need_a_Girl,285586,hiphop-pop,0.713
Christina_Milian,When_You_Look_At_Me,222546,hiphop-pop-R&B,0.955
Madonna,Die_Another_Day,276360,pop,0.792
Jennifer_Lopez,I'm_Gonna_Be_Alright,172240,hiphop-pop-R&B,0.718
Angie_Martinez,If_I_Could_Go!,244466,pop,0.583
Linkin_Park,In_the_End,216880,rock-metal,0.556
Las_Ketchup,The_Ketchup_Song,213973,pop,0.607
Aaliyah,Rock_The_Boat,275026,hiphop-pop-R&B,0.641
Holly_Valance,Kiss_Kiss,204400,pop-Dance/Electronic,0.705
Sugababes,Round_Round,236426,pop-R&B,0.74
Marilyn_Manson,Tainted_Love,200426,rock-metal,0.622
Brandy,What_About_Us?,253200,hiphop-pop-R&B,0.686
Chad_Kroeger,Hero,200480,metal,0.427
Britney_Spears,Overprotected,198600,pop,0.682
Scooter,The_Logical_Song,234116,pop-Dance/Electronic,0.527
Missy_Elliott,4_My_People,289373,hiphop-pop-R&B,0.969
Aaliyah,More_Than_A_Woman,230346,hiphop-pop-R&B,0.646
Brandy,Full_Moon,248933,hiphop-pop-R&B,0.611
Blue,One_Love,207186,pop,0.683
Busta_Rhymes,Pass_The_Courvoisier_Part_II,238600,hiphop-pop,0.697
Celine_Dion,A_New_Day_Has_Come,259773,pop,0.574
Scooter,Nessaja,208449,pop-Dance/Electronic,0.486
Eve,Gangsta_Lovin',239266,hiphop-pop-R&B,0.723
Disturbing_Tha_Peace,Move_Bitch,272293,hiphop-pop,0.777
Khia,My_Neck_My_Back,222560,pop-R&B,0.859
Tweet,Oops,237800,hiphop-pop-R&B,0.66
Kylie_Minogue,Spinning_Around,207866,pop-Dance/Electronic,0.761
Nelly,Hot_In_Herre,228240,hiphop-pop-R&B,0.956
Gareth_Gates,Anyone_of_Us,227866,pop,0.7
Christina_Aguilera,Dirrty,298853,pop,0.64
B2K,Uh_Huh,223293,hiphop-pop-R&B,0.855
Sugababes,Freak_Like_Me,195866,pop-R&B,0.517
Dirty_Vegas,Days_Go_By,432146,Dance/Electronic,0.786
Fat_Joe,What's_Luv?,267093,hiphop-pop,0.835
Liberty_X,Just_A_Little,237359,pop,0.786
No_Doubt,Hella_Good,242586,rock-pop,0.771
LL_Cool_J,Luv_U_Better,287000,hiphop-pop-R&B,0.668
Red_Hot_Chili_Peppers,Can't_Stop,269000,rock,0.618
Musiq_Soulchild,Halfcrazy,254493,pop-R&B,0.412
Sean_Paul,Gimme_the_Light,228000,hiphop-pop,0.778
Faith_Evans,I_Love_You,267160,hiphop-pop-R&B,0.489
Charli_Baltimore,Down_4_U,318213,pop,0.64
Kylie_Minogue,Love_at_First_Sight,238266,pop-Dance/Electronic,0.603
N.O.R.E.,Nothin',264653,hiphop-pop,0.791
Gareth_Gates,Unchained_Melody,233666,pop,0.368
Diddy,I_Need_a_Girl,268800,hiphop-pop,0.66
Big_Brovaz,Nu_Flow,201480,pop,0.783
No_Doubt,Hey_Baby,207040,rock-pop,0.705
Ashanti,Baby,265706,hiphop-pop-R&B,0.567
Sophie_Ellis,Murder_On_The_Dancefloor,230013,pop-Dance/Electronic,0.734
Justin_Timberlake,Like_I_Love_You,283626,pop,0.853
Mary_J._Blige,Rainy_Dayz,276373,pop-R&B,0.412
A1,Caught_in_the_Middle,206466,pop,0.519
Eminem,Cleanin'_Out_My_Closet,297840,hiphop,0.908
Ashanti,Happy,262226,hiphop-pop-R&B,0.727
Delta_Goodrem,Born_to_Try,251280,pop,0.542
P!nk,Get_the_Party_Started,192533,pop,0.802
Alicia_Keys,A_Woman's_Worth,303333,pop-R&B,0.652
Daniel_Bedingfield,Gotta_Get_Thru_This,161240,pop,0.838
Coldplay,Clocks,307879,rock-pop,0.577
Missy_Elliott,Work_It,263226,hiphop-pop-R&B,0.884
Ronan_Keating,If_Tomorrow_Never_Comes,214306,pop-rock,0.555
Big_Tymers,Still_Fly,335613,hiphop-pop,0.675
Creed,My_Sacrifice,294600,pop-rock-metal,0.32
Ja_Rule,Always_On_Time,245133,hiphop-pop-R&B,0.839
Ashanti,Foolish,227386,hiphop-pop-R&B,0.665
Avril_Lavigne,Sk8er_Boi,204000,pop,0.487
DJ_Sammy,Heaven,233600,pop,0.571
Britney_Spears,I'm_Not_a_Girl_Not_Yet_a_Woman,231066,pop,0.534
Camron,Oh_Boy,204706,hiphop-pop,0.754
Red_Hot_Chili_Peppers,By_the_Way,216933,rock,0.451
Elvis_Presley,A_Little_Less_Conversation,211506,rock-easy_listening,0.597
Atomic_Kitten,The_Tide_Is_High,206093,pop,0.783
*NSYNC,Girlfriend,253600,pop,0.745
Robbie_Williams,Somethin'_Stupid,170493,pop-rock,0.654
Alanis_Morissette,Hands_Clean,269400,pop-Folk/Acoustic,0.513
Usher,U_Don't_Have_to_Call,269400,hiphop-pop-R&B,0.793
Creed,One_Last_Breath,242000,pop-rock-metal,0.38
The_Goo_Goo_Dolls,Here_Is_Gone,238173,pop-rock,0.338
Puddle_Of_Mudd,She_Hates_Me,216760,rock-metal,0.58
Ludacris,Rollout,296586,hiphop-pop,0.921
Blazin'_Squad,Crossroads,188693,pop,0.661
Default,Wasting_My_Time,268693,rock-pop-metal,0.443
Michelle_Branch,All_You_Wanted,217680,pop-Folk/Acoustic,0.499
Daniel_Bedingfield,If_You're_Not_The_One,257026,pop,0.688
Enrique_Iglesias,Escape,208626,pop-latin,0.776
Puddle_Of_Mudd,Blurry,303920,rock-metal,0.432
Coldplay,In_My_Place,226680,rock-pop,0.424
Outkast,The_Whole_World,295346,hiphop-pop,0.814
P!nk,Don't_Let_Me_Get_Me,210693,pop,0.624
50_Cent,In_Da_Club,193466,hiphop-pop,0.899
Sean_Paul,Get_Busy,211666,hiphop-pop,0.735
Eminem,Lose_Yourself,322226,hiphop,0.686
Beyonce,Crazy_In_Love,236133,pop-R&B,0.646
Counting_Crows,Big_Yellow_Taxi,225426,rock-pop,0.669
Black_Eyed_Peas,Where_Is_The_Love?,272533,hiphop-pop,0.835
Jennifer_Lopez,Jenny_from_the_Block,187840,hiphop-pop-R&B,0.845
Black_Eyed_Peas,Shut_Up,296186,hiphop-pop,0.81
t.A.T.u.,All_The_Things_She_Said,214440,pop,0.527
Benny_Benassi,Satisfaction,285570,pop-Dance/Electronic,0.793
Busta_Rhymes,I_Know_What_You_Want,324306,hiphop-pop,0.648
Panjabi_MC,Mundian_to_Bach_Ke,244666,World/Traditional-hiphop,0.778
Mis,Scandalous,238840,pop-Dance/Electronic,0.734
JAY,03'_Bonnie_&_Clyde,205560,hiphop,0.759
50_Cent,P.I.M.P.,249480,hiphop-pop,0.712
Jamelia,Superstar,215480,pop,0.801
Linkin_Park,Faint,162600,rock-metal,0.554
DMX,X_Gon'_Give_It_To_Ya,217586,hiphop-pop,0.761
Evanescence,Bring_Me_To_Life,235893,metal,0.331
Sugababes,Hole_In_The_Head,218173,pop-R&B,0.785
Craig_David,Rise_&_Fall,287226,hiphop-pop-R&B,0.405
Three_Days_Grace,I_Hate_Everything_About_You,231480,rock-metal,0.498
Lil_Jon_&_The_East_Side_Boyz,Get_Low,324600,hiphop-pop,0.78
B2K,Bump_Bump_Bump,282773,hiphop-pop-R&B,0.835
Baby_Bash,Suga_Suga,239026,hiphop-pop-R&B-latin,0.662
Aaliyah,Miss_You,245240,hiphop-pop-R&B,0.602
Britney_Spears,Me_Against_the_Music,223773,pop,0.804
Blue,Sorry_Seems_To_Be_The_Hardest_Word,210066,pop,0.564
Delta_Goodrem,Lost_Without_You,248546,pop,0.581
Justin_Timberlake,Rock_Your_Body,267266,pop,0.892
The_White_Stripes,Seven_Nation_Army,231920,rock-blues,0.741
Youngbloodz,Damn!,298600,hiphop-pop,0.772
Beyonce,Baby_Boy,244826,pop-R&B,0.655
Lil'_Kim,Magic_Stick,359973,hiphop-pop-R&B,0.849
Christina_Aguilera,Can't_Hold_Us_Down,255266,pop,0.859
Nickelback,Someday,207466,rock-metal,0.455
Blue,U_Make_Me_Wanna,222400,pop,0.6
Ashanti,Rain_On_Me,297960,hiphop-pop-R&B,0.606
Trapt,Headstrong,285569,rock-metal,0.492
Simply_Red,Sunrise,199040,rock-R&B-Folk/Acoustic-pop,0.791
Lumidee,Never_Leave_You,184906,pop-R&B,0.811
Girls_Aloud,Sound_Of_The_Underground,221426,pop-Dance/Electronic,0.568
Nelly,Shake_Ya_Tailfeather,293666,hiphop-pop-R&B,0.527
Room_5,Make_Luv,212413,Dance/Electronic,0.883
Fatman_Scoop,Be_Faithful,164506,hiphop,0.649
Limp_Bizkit,Behind_Blue_Eyes,269973,metal,0.595
Sugababes,Too_Lost_In_You,237693,pop-R&B,0.586
50_Cent,Wanksta,219400,hiphop-pop,0.802
Pharrell_Williams,Frontin',236506,hiphop-pop,0.894
Chingy,Right_Thurr,250746,hiphop-pop-R&B,0.866
Eminem,Sing_For_The_Moment,339546,hiphop,0.668
Lil'_Kim,The_Jump_Off,234800,hiphop-pop-R&B,0.853
Maya,My_Love_Is_Like...Wo,209533,pop-R&B,0.831
50_Cent,21_Questions,224440,hiphop-pop,0.646
Nelly,Air_Force_Ones,304000,hiphop-pop-R&B,0.784
Missy_Elliott,Gossip_Folks,234893,hiphop-pop-R&B,0.707
Girls_Aloud,Jump,220360,pop-Dance/Electronic,0.658
Ultrabeat,Pretty_Green_Eyes,201920,pop-Dance/Electronic,0.553
Christina_Aguilera,Fighter,245960,pop,0.435
Frankie_J,Don't_Wanna_Try,245293,hiphop-pop-R&B,0.655
Snoop_Dogg,Beautiful,299146,hiphop-pop,0.893
Floetry,Say_Yes,268373,hiphop-pop-R&B,0.747
Ginuwine,In_Those_Jeans,243306,hiphop-pop-R&B,0.691
Electric_Six,Danger!_High_Voltage,214600,rock,0.66
Rachel_Stevens,Sweet_Dreams_My_LA_Ex,208386,pop-Dance/Electronic,0.85
Ludacris,Stand_Up,213760,hiphop-pop,0.751
Nas,I_Can,253720,hiphop,0.837
3_Doors_Down,When_I'm_Gone,260333,pop-rock-metal,0.53
Tyrese,How_You_Gonna_Act_Like_That,294693,hiphop-pop-R&B,0.733
Justin_Timberlake,Cry_Me_a_River,288333,pop,0.624
Westlife,Mandy,199320,pop,0.447
No_Doubt,It's_My_Life,226053,rock-pop,0.612
Amanda_Perez,Angel,218760,pop-R&B,0.638
JAY,Excuse_Me_Miss,281240,hiphop,0.714
Coldplay,Clocks,307879,rock-pop,0.577
Kelly_Rowland,Stole,249293,hiphop-pop-R&B,0.649
Missy_Elliott,Work_It,263226,hiphop-pop-R&B,0.884
Ashanti,Rock_Wit_U,209120,hiphop-pop-R&B,0.71
Junior_Senior,Move_Your_Feet,181826,pop,0.747
Audioslave,Like_a_Stone,293960,rock-metal,0.614
Sean_Paul,Like_Glue,232506,hiphop-pop,0.757
Jaheim,Put_That_Woman_First,245773,pop-R&B,0.649
Jennifer_Lopez,All_I_Have,254466,hiphop-pop-R&B,0.701
Monica,So_Gone,242773,pop-R&B,0.618
Dido,White_Flag,240040,pop,0.512
The_Roots,The_Seed,267933,hiphop,0.758
Chingy,Holidae_In,314400,hiphop-pop-R&B,0.81
Fabolous,Can't_Let_You_Go,223973,hiphop-pop-R&B,0.646
Kelly_Clarkson,Miss_Independent,214773,pop-R&B,0.656
Ja_Rule,Mesmerize,278693,hiphop-pop-R&B,0.769
Matchbox_Twenty,Unwell,228706,pop-rock,0.256
Outkast,The_Way_You_Move,234000,hiphop-pop,0.871
Fabolous,Into_You,295773,hiphop-pop-R&B,0.546
Switchfoot,Meant_to_Live,201373,rock-pop,0.397
Daniel_Bedingfield,If_You're_Not_The_One,257026,pop,0.688
Good_Charlotte,Lifestyles_of_the_Rich_&_Famous,190173,rock-metal,0.62
Wayne_Wonder,No_Letting_Go,202013,hiphop-R&B,0.496
The_Strokes,Reptilia,219826,rock,0.489
Avril_Lavigne,I'm_with_You,223066,pop,0.457
Will_Young,Leave_Right_Now,214733,pop,0.641
Usher,Yeah!,250373,hiphop-pop-R&B,0.894
Maroon_5,This_Love,206200,pop,0.712
Britney_Spears,Toxic,198800,pop,0.774
Outkast,Hey_Ya!,235213,hiphop-pop,0.727
Hoobastank,The_Reason,232800,pop-rock-metal,0.472
Anastacia,Left_Outside_Alone,257426,pop,0.663
Daddy_Yankee,Gasolina,192600,latin,0.857
Black_Eyed_Peas,Let's_Get_It_Started,217733,hiphop-pop,0.785
O'Zone,Dragostea_Din_Tei,215431,pop,0.809
Terror_Squad,Lean_Back,247426,hiphop,0.783
Anastacia,Sick_and_Tired,212266,pop,0.598
Gwen_Stefani,What_You_Waiting_For?,221226,pop-R&B,0.676
Ashanti,Only_U,186306,hiphop-pop-R&B,0.601
The_Rasmus,In_the_Shadows,257920,metal,0.6
Houston,I_Like_That,236520,hiphop-pop,0.797
Beyonce,Naughty_Girl,208600,pop-R&B,0.735
Linkin_Park,Numb,185586,rock-metal,0.496
Lloyd_Banks,On_Fire,187280,hiphop-pop,0.759
Akon,Locked_Up,235066,pop,0.818
D12,My_Band,298773,hiphop-pop-rock,0.851
Jay_Sean,Eyes_On_You,190493,hiphop-pop-R&B,0.802
Mario_Winans,I_Don't_Wanna_Know,257333,pop,0.833
Destiny's_Child,Lose_My_Breath,242013,pop-R&B,0.814
Eric_Prydz,Call_on_Me,171360,pop-Dance/Electronic,0.597
Ciara,Goodies,223000,pop-R&B,0.826
Kelis,Trick_Me,206106,pop-R&B-Dance/Electronic,0.97
LL_Cool_J,Headsprung,267320,hiphop-pop-R&B,0.718
Spiderbait,Black_Betty,205973,rock,0.562
George_Michael,Amazing,265826,pop,0.805
Britney_Spears,My_Prerogative,213893,pop,0.749
Nina_Sky,Move_Ya_Body,232000,pop-R&B,0.87
Baby_Bash,Suga_Suga,239026,hiphop-pop-R&B-latin,0.662
Petey_Pablo,Freek,235186,hiphop-pop,0.737
JAY,Dirt_Off_Your_Shoulder,245173,hiphop,0.779
Juanes,La_Camisa_Negra,216706,pop-latin,0.751
Avril_Lavigne,Nobody's_Home,212413,pop,0.348
Robbie_Williams,Radio,233600,pop-rock,0.607
Black_Eyed_Peas,Hey_Mama,214893,hiphop-pop,0.86
Ying_Yang_Twins,Salt_Shaker,252440,hiphop-pop,0.884
Enrique_Iglesias,Not_In_Love,223133,pop-latin,0.762
Kelis,Milkshake,182626,pop-R&B-Dance/Electronic,0.881
Linkin_Park,Breaking_the_Habit,196906,rock-metal,0.579
JoJo,Leave,242746,hiphop-pop-R&B,0.656
Christina_Milian,Dip_It_Low,197186,hiphop-pop-R&B,0.752
Avant,Read_Your_Mind,263506,pop-R&B,0.755
Eminem,Just_Lose_It,248680,hiphop,0.94
Sugababes,Too_Lost_In_You,237693,pop-R&B,0.586
Snoop_Dogg,Drop_It_Like_It's_Hot,266066,hiphop-pop,0.892
Sean_Paul,I'm_Still_in_Love_with_You,273360,hiphop-pop,0.765
The_Shapeshifters,Lola's_Theme,207066,Dance/Electronic,0.748
D12,How_Come,249533,hiphop-pop-rock,0.745
Basement_Jaxx,Good_Luck,282306,pop-Dance/Electronic,0.571
Kevin_Lyttle,Turn_Me_On,192106,hiphop,0.677
Chingy,One_Call_Away,276800,hiphop-pop-R&B,0.765
T.I.,Bring_Em_Out,216706,hiphop-pop,0.759
DJ_Casper,Cha_Cha_Slide,222146,pop,0.853
Kylie_Minogue,I_Believe_in_You,200973,pop-Dance/Electronic,0.548
Twista,Overnight_Celebrity,233360,hiphop-pop-R&B,0.828
N.E.R.D,She_Wants_To_Move,213786,hiphop,0.766
Britney_Spears,Everytime,230306,pop,0.398
U2,Vertigo,193520,World/Traditional-rock,0.416
Franz_Ferdinand,Take_Me_Out,237026,rock,0.277
J,Tipsy,247106,hiphop-pop,0.925
G,Wanna_Get_To_Know_You,265026,hiphop-pop,0.513
Lil'_Flip,Sunshine,225173,hiphop-pop,0.814
Kanye_West,Jesus_Walks,193733,hiphop,0.637
Evanescence,My_Immortal,262533,metal,0.19
Nelly,My_Place,336506,hiphop-pop-R&B,0.6
Lemar,If_There's_Any_Justice,229080,R&B,0.706
No_Doubt,It's_My_Life,226053,rock-pop,0.612
Avril_Lavigne,Don't_Tell_Me,202013,pop,0.523
Twista,Slow_Jamz,316053,hiphop-pop-R&B,0.559
Green_Day,American_Idiot,176346,rock,0.38
Kelis,Millionaire,224933,pop-R&B-Dance/Electronic,0.68
Scissor_Sisters,Comfortably_Numb,266040,pop-rock-Dance/Electronic,0.803
Alicia_Keys,Diary,284160,pop-R&B,0.663
Kanye_West,Through_The_Wire,221226,hiphop,0.571
Special_D.,Come_With_Me,185133,pop,0.739
Ludacris,Splash_Waterfalls,290760,hiphop-pop,0.734
Avril_Lavigne,My_Happy_Ending,242413,pop,0.414
Dido,White_Flag,240040,pop,0.512
Eamon,Fuck_It,225106,pop,0.828
Beyonce,Me_Myself_and_I,301133,pop-R&B,0.75
3_Doors_Down,Here_Without_You,238733,pop-rock-metal,0.557
Kanye_West,All_Falls_Down,223506,hiphop,0.657
Twista,Sunshine,226013,hiphop-pop-R&B,0.926
Katie_Melua,The_Closest_Thing_to_Crazy,252466,pop-easy_listening-jazz,0.562
Usher,My_Boo,223440,hiphop-pop-R&B,0.662
Lloyd,Southside,277840,hiphop-pop-R&B,0.688
LMC,Take_Me_To_The_Clouds_Above,171546,Dance/Electronic,0.668
The_Streets,Fit_but_You_Know_It,254266,hiphop-Dance/Electronic,0.68
JUVENILE,Slow_Motion,248200,hiphop-pop,0.713
Outkast,The_Way_You_Move,234000,hiphop-pop,0.871
Girls_Aloud,Love_Machine,205360,pop-Dance/Electronic,0.663
Jessica_Simpson,With_You,191826,pop-R&B,0.553
Eminem,Like_Toy_Soldiers,296880,hiphop,0.52
Gary_Jules,Mad_World,189506,pop,0.345
Ashlee_Simpson,Pieces_Of_Me,217440,pop,0.505
Will_Young,Leave_Right_Now,214733,pop,0.641
Alicia_Keys,You_Don't_Know_My_Name,366733,pop-R&B,0.264
Mariah_Carey,We_Belong_Together,201400,pop-R&B,0.84
Mario,Let_Me_Love_You,256733,pop-R&B,0.656
Kanye_West,Gold_Digger,207626,hiphop,0.629
Rihanna,Pon_de_Replay,246960,hiphop-pop-R&B,0.779
50_Cent,Candy_Shop,209106,hiphop-pop,0.614
James_Blunt,You're_Beautiful,209493,pop,0.675
Green_Day,Boulevard_of_Broken_Dreams,261266,rock,0.49
The_Pussycat_Dolls,Don't_Cha,272080,pop-R&B,0.875
Daniel_Powter,Bad_Day,233640,pop,0.599
Akon,Bananza,238493,pop,0.878
Madonna,Hung_Up,337733,pop,0.649
50_Cent,Just_A_Lil_Bit,237706,hiphop-pop,0.489
Crazy_Frog,Axel_F,168879,pop,0.86
Eminem,Ass_Like_That,265480,hiphop,0.646
Sean_Paul,We_Be_Burnin',213066,hiphop-pop,0.95
Gwen_Stefani,Rich_Girl,236213,pop-R&B,0.856
The_Chemical_Brothers,Galvanize,393813,Dance/Electronic,0.745
Fort_Minor,Remember_the_Name,230493,hiphop-pop-rock,0.688
50_Cent,Disco_Inferno,214226,hiphop-pop,0.925
The_Game,How_We_Do,235533,hiphop-pop,0.862
Chris_Brown,Run_It!,229866,hiphop-pop-R&B,0.846
Mariah_Carey,It's_Like_That,203360,pop-R&B,0.8
Black_Eyed_Peas,My_Humps,326960,hiphop-pop,0.802
Ciara,Oh,256346,pop-R&B,0.8
50_Cent,Outta_Control,247506,hiphop-pop,0.772
Baby_Bash,Baby_I'm_Back,219920,hiphop-pop-R&B-latin,0.899
Jennifer_Lopez,Get_Right,225533,hiphop-pop-R&B,0.741
JAY,Numb_/_Encore,205733,hiphop,0.687
The_Game,Hate_It_Or_Love_It,206400,hiphop-pop,0.802
Gorillaz,Feel_Good_Inc.,222640,hiphop,0.818
Black_Eyed_Peas,Don't_Phunk_With_My_Heart,239773,hiphop-pop,0.69
Akon,Lonely,235800,pop,0.629
Bodyrockers,I_Like_The_Way,200053,rock-Dance/Electronic,0.642
Sugababes,Push_The_Button,218093,pop-R&B,0.962
Jeezy,Soul_Survivor,280013,hiphop-pop,0.684
Eminem,Mockingbird,250760,hiphop,0.637
Shakira,La_Tortura,212893,pop-latin,0.74
Gorillaz,DARE,244999,hiphop,0.76
Snoop_Dogg,Signs,236813,hiphop-pop,0.94
Robbie_Williams,Tripping,276603,pop-rock,0.666
David_Banner,Play,230133,hiphop-pop,0.837
Trillville,Some_Cut,283454,hiphop-pop,0.9
D4L,Laffy_Taffy,224253,hiphop-pop,0.891
Missy_Elliott,Lose_Control,226863,hiphop-pop-R&B,0.904
Rob_Thomas,Lonely_No_More,226640,pop-Folk/Acoustic,0.551
Brian_McFadden,Almost_Here,229826,pop,0.561
Bobby_V.,Slow_Down,258666,hiphop-pop-R&B,0.568
Backstreet_Boys,Incomplete,239586,pop,0.437
Pretty_Ricky,Grind_With_Me,237733,hiphop-pop-R&B,0.7
Kanye_West,Diamonds_From_Sierra_Leone,233400,hiphop,0.672
Snoop_Dogg,Drop_It_Like_It's_Hot,266066,hiphop-pop,0.892
Fat_Joe,Get_It_Poppin',211320,hiphop-pop,0.905
Destiny's_Child,Soldier,325573,pop-R&B,0.878
Ciara,1_2_Step,202213,pop-R&B,0.939
Amerie,1_Thing,238746,hiphop-pop-R&B,0.636
Ludacris,Get_Back,270746,hiphop-pop,0.555
Franz_Ferdinand,Do_You_Want_To,215000,rock,0.412
Natalie_Imbruglia,Shiver,222653,pop-Folk/Acoustic,0.489
Gwen_Stefani,Hollaback_Girl,199853,pop-R&B,0.926
Pretty_Ricky,Your_Body,240040,hiphop-pop-R&B,0.838
Thirty_Seconds_To_Mars,The_Kill,231533,rock,0.179
Alicia_Keys,Karma,256000,pop-R&B,0.727
2Pac,Ghetto_Gospel,238053,hiphop,0.794
Craig_David,Don't_Love_You_No_More,243986,hiphop-pop-R&B,0.636
Katie_Melua,Nine_Million_Bicycles,197160,pop-easy_listening-jazz,0.534
Lil_Jon_&_The_East_Side_Boyz,Lovers_And_Friends,260600,hiphop-pop,0.675
Mariah_Carey,Don't_Forget_About_Us,233866,pop-R&B,0.7
Ying_Yang_Twins,Wait,179160,hiphop-pop,0.933
Will_Smith,Switch,197666,hiphop-pop,0.873
Bow_Wow,Like_You,205840,hiphop-pop-R&B,0.714
Kaiser_Chiefs,Everyday_I_Love_You_Less_And_Less,217706,rock,0.49
Kelly_Clarkson,Behind_These_Hazel_Eyes,198973,pop-R&B,0.548
Black_Eyed_Peas,Don't_Lie,219000,hiphop-pop,0.662
Westlife,You_Raise_Me_Up,241066,pop,0.129
Ray_J,One_Wish,337640,hiphop-pop-R&B,0.525
Papa_Roach,Scars,208199,rock-metal,0.455
Arctic_Monkeys,I_Bet_You_Look_Good_On_The_Dancefloor,173680,rock,0.535
Shayne_Ward,That's_My_Goal,219600,pop,0.286
Bow_Wow,Let_Me_Hold_You,248493,hiphop-pop-R&B,0.815
Kaiser_Chiefs,I_Predict_A_Riot,233186,rock,0.395
Usher,Caught_Up,224640,hiphop-pop-R&B,0.817
Kelly_Clarkson,Because_of_You,219493,pop-R&B,0.587
3_Doors_Down,Let_Me_Go,243053,pop-rock-metal,0.478
Nickelback,Photograph,258920,rock-metal,0.515
T,I'm_Sprung,231040,hiphop-pop-R&B,0.722
Destiny's_Child,Cater_2_U,245400,pop-R&B,0.605
The_Pussycat_Dolls,Stickwitu,207506,pop-R&B,0.548
Ryan_Cabrera,TRUE,204173,pop,0.598
Stereophonics,Dakota,297426,rock-pop,0.506
Eminem,Like_Toy_Soldiers,296880,hiphop,0.52
Nelly,Over_And_Over,253933,hiphop-pop-R&B,0.644
Coldplay,Speed_of_Sound,287906,rock-pop,0.514
KT_Tunstall,Suddenly_I_See,201706,World/Traditional-pop-Folk/Acoustic,0.587
Destiny's_Child,Girl,224146,pop-R&B,0.567
Kelly_Clarkson,Since_U_Been_Gone,188960,pop-R&B,0.662
U2,Sometimes_You_Can't_Make_It_On_Your_Own,305080,World/Traditional-rock,0.53
The_All,Dirty_Little_Secret,193653,rock-pop,0.469
Toby_Keith,As_Good_As_I_Once_Was,227840,country,0.68
Gwen_Stefani,Cool,189333,pop-R&B,0.709
Foo_Fighters,Best_of_You,255626,rock-metal,0.366
Shakira,Hips_Don't_Lie,218093,pop-latin,0.778
Sean_Paul,Temperature,218573,hiphop-pop,0.951
Justin_Timberlake,SexyBack,242733,pop,0.967
Beyonce,Irreplaceable,227853,pop-R&B,0.447
Amy_Winehouse,Rehab,214946,R&B,0.407
Rihanna,SOS,238920,hiphop-pop-R&B,0.677
Gnarls_Barkley,Crazy,177466,hiphop-R&B,0.855
Busta_Rhymes,Touch_It,214960,hiphop-pop,0.658
Nelly_Furtado,Maneater,258893,hiphop-pop-latin,0.796
Bob_Sinclar,Rock_This_Party,245466,pop-Dance/Electronic,0.893
Diddy,Come_to_Me,276786,hiphop-pop,0.819
Madonna,Sorry,281880,pop,0.589
Chamillionaire,Ridin',303053,hiphop-pop,0.787
Black_Eyed_Peas,Pump_It,213066,hiphop-pop,0.648
Nelly_Furtado,Promiscuous,242293,hiphop-pop-latin,0.808
Fedde_Le_Grand,Put_Your_Hands_Up_for_Detroit,150533,pop-Dance/Electronic,0.814
Sean_Paul,_Give_It_Up_to_Me,243880,hiphop-pop,0.711
The_Pussycat_Dolls,Buttons,225560,pop-R&B,0.565
Ciara,Get_Up,261880,pop-R&B,0.964
Eminem,Shake_That,274440,hiphop,0.963
Cherish,Do_It_To_It,226293,hiphop-pop-R&B,0.826
Muse,Supermassive_Black_Hole,212439,rock,0.668
Chris_Brown,Gimme_That,186826,hiphop-pop-R&B,0.678
Infernal,From_Paris_to_Berlin,209666,pop,0.741
Cassie,Me_&_U,192213,pop-R&B,0.803
E,U_and_Dat,202720,hiphop-pop,0.858
The_Pussycat_Dolls,Beep,229360,pop-R&B,0.938
Lil_Jon,Snap_Yo_Fingers,274386,hiphop-pop,0.835
Armand_Van_Helden,My_My_My,190000,pop-Dance/Electronic,0.678
The_Notorious_B.I.G.,Nasty_Girl,286186,hiphop,0.833
Yung_Joc,It's_Goin'_Down,241840,hiphop-pop,0.888
Shayne_Ward,No_Promises,223066,pop,0.5
Justin_Timberlake,My_Love,276160,pop,0.771
Nickelback,Savin'_Me,219320,rock-metal,0.441
Nelly,Grillz,271160,hiphop-pop-R&B,0.867
Take_That,Patience,202066,pop,0.309
Fergie,London_Bridge,241306,pop-R&B,0.769
Cascada,Everytime_We_Touch,199120,hiphop-pop-Dance/Electronic,0.64
D4L,Laffy_Taffy,224253,hiphop-pop,0.891
LL_Cool_J,Control_Myself,233973,hiphop-pop-R&B,0.825
Beyonce,Deja_Vu,240280,pop-R&B,0.644
P!nk,Stupid_Girls,197173,pop,0.683
Eminem,When_I'm_Gone,281320,hiphop,0.618
Kelis,Bossy,273973,pop-R&B-Dance/Electronic,0.906
Bob_Sinclar,Love_Generation,207613,pop-Dance/Electronic,0.715
Meck,Thunder_in_My_Heart_Again,189800,pop,0.679
Mary_J._Blige,Be_Without_You,246333,pop-R&B,0.726
Girls_Aloud,Something_Kinda_Ooooh,201590,pop-Dance/Electronic,0.681
Rihanna,Unfaithful,226973,hiphop-pop-R&B,0.588
Kanye_West,Touch_The_Sky,236600,hiphop,0.552
Dem_Franchize_Boyz,Lean_Wit_It_Rock_Wit_It,229813,hiphop-pop,0.886
Evanescence,Call_Me_When_You're_Sober,214706,metal,0.45
Chingy,Pullin'_Me_Back,234133,hiphop-pop-R&B,0.786
Nickelback,Far_Away,238173,rock-metal,0.518
Fall_Out_Boy,Dance_Dance,180266,rock,0.622
Leona_Lewis,A_Moment_Like_This,257293,pop-R&B,0.261
T.I.,What_You_Know,274333,hiphop-pop,0.551
Ludacris,Money_Maker,230613,hiphop-pop,0.551
Nick_Lachey,What's_Left_Of_Me,244613,pop,0.42
Jibbs,Chain_Hang_Low,207586,hiphop-pop,0.792
Arctic_Monkeys,When_The_Sun_Goes_Down,202133,rock,0.348
Rascal_Flatts,Life_is_a_Highway,276773,country,0.561
Beyonce,Check_On_It,211186,pop-R&B,0.7
Keyshia_Cole,Love,255333,hiphop-pop-R&B,0.688
Lily_Allen,Smile,196893,pop,0.632
Ne,Sexy_Love,220853,pop-R&B,0.693
JoJo,Too_Little_Too_Late,223680,hiphop-pop-R&B,0.535
Mary_J._Blige,One,260466,pop-R&B,0.344
Bubba_Sparxxx,Ms._New_Booty,252653,hiphop-pop-country,0.64
Amy_Winehouse,You_Know_I'm_No_Good,256946,R&B,0.705
Rascal_Flatts,What_Hurts_The_Most,214106,country,0.537
Red_Hot_Chili_Peppers,Dani_California,282160,rock,0.556
Scissor_Sisters,I_Don't_Feel_Like_Dancin',288360,pop-rock-Dance/Electronic,0.707
Ne,So_Sick,207186,pop-R&B,0.452
Hinder,Lips_Of_An_Angel,261053,pop-rock-metal,0.474
The_Raconteurs,Steady_As_She_Goes,215266,rock,0.525
The_Fratellis,Chelsea_Dagger,215306,rock,0.511
Fort_Minor,Where'd_You_Go,231866,hiphop-pop-rock,0.684
The_Pussycat_Dolls,Stickwitu,207506,pop-R&B,0.548
Panic!_At_The_Disco,I_Write_Sins_Not_Tragedies,185586,rock,0.566
James_Blunt,Goodbye_My_Lover,258653,pop,0.432
Christina_Aguilera,Ain't_No_Other_Man,228906,pop,0.862
Westlife,The_Rose,219106,pop,0.272
Keane,Is_It_Any_Wonder?,186173,pop,0.489
Orson,No_Tomorrow,167493,pop,0.656
T,I'm_N_Luv,265333,hiphop-pop-R&B,0.731
KT_Tunstall,Black_Horse_And_The_Cherry_Tree,172373,World/Traditional-pop-Folk/Acoustic,0.748
Natasha_Bedingfield,Unwritten,259333,pop,0.706
Razorlight,America,249760,rock-pop,0.447
James_Morrison,You_Give_Me_Something,213173,pop-R&B,0.559
Snow_Patrol,You're_All_I_Have,273333,World/Traditional-rock-pop,0.467
The_Fray,How_to_Save_a_Life,262533,pop,0.64
Sandi_Thom,I_Wish_I_Was_a_Punk_Rocker,151640,World/Traditional-pop,0.7
My_Chemical_Romance,Welcome_to_the_Black_Parade,311106,rock,0.217
Razorlight,In_The_Morning,222453,rock-pop,0.616
The_All,Dirty_Little_Secret,193653,rock-pop,0.469
James_Morrison,Wonderful_World,210066,pop-R&B,0.474
Chris_Brown,Yo,229040,hiphop-pop-R&B,0.536
P!nk,Who_Knew,208493,pop,0.688
The_Kooks,Naive,203506,rock,0.391
Leona_Lewis,Bleeding_Love,262466,pop-R&B,0.638
Rihanna,Umbrella,275986,hiphop-pop-R&B,0.583
Britney_Spears,Gimme_More,251240,pop,0.788
Fergie,Big_Girls_Don't_Cry,268120,pop-R&B,0.708
Mark_Ronson,Valerie,219413,pop,0.698
Plain_White_T's,Hey_There_Delilah,232533,pop,0.656
Justin_Timberlake,What_Goes_Around.../...Comes_Around,448573,pop,0.687
Gwen_Stefani,The_Sweet_Escape,246466,pop-R&B,0.756
Timbaland,The_Way_I_Are,179120,hiphop-pop-R&B,0.731
Nelly_Furtado,Say_It_Right,223080,hiphop-pop-latin,0.872
Ida_Corr,Let_Me_Think_About_It,151973,pop,0.762
Alex_Gaudino,Destination_Calabria,223111,Dance/Electronic,0.627
September,Cry_for_You,209800,pop-Dance/Electronic,0.767
Akon,Smack_That,212360,pop,0.94
Timbaland,Give_It_To_Me,234026,hiphop-pop-R&B,0.975
50_Cent,Ayo_Technology,247946,hiphop-pop,0.63
Eric_Prydz,Proper_Education,198567,pop-Dance/Electronic,0.537
Fedde_Le_Grand,Put_Your_Hands_Up_For_Detroit,150533,pop-Dance/Electronic,0.827
Ciara,Like_a_Boy,237053,pop-R&B,0.701
Kanye_West,Stronger,311866,hiphop,0.617
Beyonce,Beautiful_Liar,199853,pop-R&B,0.764
Gym_Class_Heroes,Breakfast_in_America,237173,hiphop-pop,0.584
Akon,I_Wanna_Love_You,247066,pop,0.865
Soulja_Boy,Crank_That,221933,hiphop-pop,0.736
Fat_Joe,Make_It_Rain,247413,hiphop-pop,0.744
P!nk,U_+_Ur_Hand,214386,pop,0.709
Rihanna,Shut_Up_And_Drive,212280,hiphop-pop-R&B,0.735
Lloyd,Get_It_Shawty,209533,hiphop-pop-R&B,0.822
Kanye_West,Can't_Tell_Me_Nothing,271600,hiphop,0.596
Camille_Jones,The_Creeps,152333,pop,0.847
Linkin_Park,What_I've_Done,205613,rock-metal,0.623
Keyshia_Cole,Last_Night,255706,hiphop-pop-R&B,0.918
Chris_Brown,Kiss_Kiss,250666,hiphop-pop-R&B,0.729
Shop_Boyz,Party_Like_A_Rock_Star,253400,hiphop-pop,0.619
Finger_Eleven,Paralyzer,208106,rock-metal,0.644
Justin_Timberlake,Summer_Love,252973,pop,0.606
MiMS,This_Is_Why_I'm_Hot,253706,hiphop-pop,0.621
Fabolous,Make_Me_Better,253573,hiphop-pop-R&B,0.607
Seether,Fake_It,193893,rock-metal,0.611
Take_That,Patience,202066,pop,0.309
Arctic_Monkeys,Brianstorm,172866,rock,0.42
Justin_Timberlake,My_Love,276160,pop,0.771
Fergie,Glamorous,246600,pop-R&B,0.811
Linkin_Park,Bleed_It_Out,166373,rock-metal,0.529
My_Chemical_Romance,Teenagers,161920,rock,0.463
Calvin_Harris,Acceptable_in_the_80's,333680,hiphop-pop-Dance/Electronic,0.787
Sugababes,About_You_Now,212400,pop-R&B,0.584
Avril_Lavigne,Girlfriend,216600,pop,0.56
Ne,Because_Of_You,266840,pop-R&B,0.81
Daughtry,It's_Not_Over,215173,pop-rock-metal,0.45
Unk,Walk_It_Out,173040,hiphop-pop,0.794
Lloyd,You,273133,hiphop-pop-R&B,0.412
Klaxons,Golden_Skans,165120,rock,0.463
T,Bartender,238800,hiphop-pop-R&B,0.675
Baby_Boy_Da_Prince,The_Way_I_Live,324906,hiphop-pop,0.88
Fergie,Fergalicious,292373,pop-R&B,0.906
Omarion,Ice_Box,256426,hiphop-pop-R&B,0.775
Pretty_Ricky,On_the_Hotline,242586,hiphop-pop-R&B,0.704
Nickelback,Rockstar,252040,rock-metal,0.616
Fall_Out_Boy,Thnks_fr_th_Mmrs,203506,rock,0.459
Justin_Timberlake,LoveStoned,444333,pop,0.859
All_Time_Low,Dear_Maria_Count_Me_In,182826,rock,0.459
Amy_Winehouse,Back_To_Black,241293,R&B,0.403
Keyshia_Cole,Let_It_Go,238360,hiphop-pop-R&B,0.808
Ciara,Promise,267413,pop-R&B,0.697
Enrique_Iglesias,Do_You_Know?,219533,pop-latin,0.753
T2,Heartbroken,178613,Dance/Electronic,0.716
Robyn,With_Every_Heartbeat,254920,pop-Dance/Electronic,0.477
Maroon_5,Makes_Me_Wonder,211080,pop,0.803
Fall_Out_Boy,This_Ain't_A_Scene_It's_An_Arms_Race,212040,rock,0.435
Paramore,Misery_Business,211520,pop-rock,0.517
Hinder,Better_Than_Me,223533,pop-rock-metal,0.451
Huey,Pop_Lock_&_Drop_It,261026,hiphop-pop,0.723
Foo_Fighters,The_Pretender,269373,rock-metal,0.433
Plies,Shawty,255413,hiphop-pop-R&B,0.444
Kaiser_Chiefs,Ruby,204200,rock,0.451
Mark_Ronson,Stop_Me,232946,pop,0.626
Bow_Wow,Outta_My_System,238266,hiphop-pop-R&B,0.772
Jim_Jones,We_Fly_High,236080,hiphop-pop,0.685
The_Red_Jumpsuit_Apparatus,Face_Down,192000,pop,0.545
MIKA,Grace_Kelly,187733,pop,0.675
Christina_Aguilera,Candyman,194213,pop,0.686
Sean_Kingston,Beautiful_Girls,225373,hiphop-pop-R&B,0.762
Akon,Don't_Matter,293066,pop,0.801
James_Blunt,1973,280026,pop,0.72
Carrie_Underwood,Before_He_Cheats,199946,pop-country,0.519
Just_Jack,Starz_In_Their_Eyes,295933,Dance/Electronic,0.67
T,Buy_U_a_Drank,227960,hiphop-pop-R&B,0.451
Bone_Thugs,I_Tried,287480,hiphop-pop,0.727
Avril_Lavigne,When_You're_Gone,240493,pop,0.457
Rich_Boy,Throw_Some_D's,263920,hiphop-pop,0.697
MIKA,Love_Today,235173,pop,0.673
Manic_Street_Preachers,Your_Love_Alone_Is_Not_Enough,235693,rock-pop,0.344
Elliott_Yamin,Wait_for_You,261320,pop,0.764
Wyclef_Jean,Sweetest_Girl,241133,pop,0.733
Boys_Like_Girls,The_Great_Escape,206520,pop,0.423
Take_That,Rule_The_World,237760,pop,0.357
J._Holiday,Bed,275106,hiphop-pop-R&B-Dance/Electronic,0.684
Red_Hot_Chili_Peppers,Snow,334666,rock,0.427
Ludacris,Runaway_Love,280680,hiphop-pop,0.405
Flo_Rida,Low,231400,hiphop-pop,0.918
Katy_Perry,I_Kissed_A_Girl,179640,pop,0.699
Rihanna,Take_A_Bow,229413,hiphop-pop-R&B,0.697
Alicia_Keys,No_One,253813,pop-R&B,0.644
Timbaland,Apologize,184400,hiphop-pop-R&B,0.653
Ne,Miss_Independent,232000,pop-R&B,0.668
Chris_Brown,With_You,252120,hiphop-pop-R&B,0.662
Beyonce,If_I_Were_a_Boy,249146,pop-R&B,0.632
Kardinal_Offishall,Dangerous,246053,hiphop-pop-R&B,0.949
Madcon,Beggin,216146,hiphop-pop,0.715
September,Cry_for_You,209800,pop-Dance/Electronic,0.767
Rihanna,Disturbia,238626,hiphop-pop-R&B,0.707
Guru_Josh_Project,Infinity_2008,190013,hiphop,0.493
Britney_Spears,Break_the_Ice,196053,pop,0.712
Lil_Wayne,Lollipop,299333,hiphop-pop,0.829
Basshunter,Now_You're_Gone,148186,pop,0.639
Kanye_West,Flashing_Lights,237506,hiphop,0.639
Madonna,4_Minutes,189693,pop,0.753
Katy_Perry,Hot_N_Cold,220226,pop,0.706
Rihanna,Don't_Stop_The_Music,267080,hiphop-pop-R&B,0.835
Snoop_Dogg,Sensual_Seduction,245520,hiphop-pop,0.756
Akon,Right_Now,240746,pop,0.83
Britney_Spears,Womanizer,224400,pop,0.724
Eric_Prydz,Pjanoo,157432,pop-Dance/Electronic,0.605
Kelly_Rowland,Work,207920,hiphop-pop-R&B,0.888
Jeezy,Put_On,321293,hiphop-pop,0.654
Madonna,Give_It_2_Me,287906,pop,0.837
The_Pussycat_Dolls,When_I_Grow_Up,245680,pop-R&B,0.671
will.i.am,Heartbreaker,327880,hiphop-pop,0.788
Soulja_Boy,Crank_That,221933,hiphop-pop,0.736
Britney_Spears,Piece_of_Me,212106,pop,0.769
T.I.,Live_Your_Life,338853,hiphop-pop,0.375
Ne,Closer,234360,pop-R&B,0.709
Lil_Wayne,A_Milli,221840,hiphop-pop,0.674
Colby_O'Donis,What_You_Got,243013,hiphop-pop-R&B,0.775
Miley_Cyrus,See_You_Again,190453,pop,0.692
Basshunter,All_I_Ever_Wanted,176453,pop,0.645
Chris_Brown,Kiss_Kiss,250666,hiphop-pop-R&B,0.729
Finger_Eleven,Paralyzer,208106,rock-metal,0.644
Alesha_Dixon,The_Boy_Does_Nothing,210680,pop,0.632
Dizzee_Rascal,Dance_Wiv_Me,204093,hiphop-pop-Dance/Electronic,0.878
Gabriella_Cilmi,Sweet_About_Me,202133,R&B,0.671
Jack_White,Another_Way_to_Die,262240,rock-blues,0.486
Plies,Hypnotized,188493,hiphop-pop-R&B,0.84
The_Pussycat_Dolls,I_Hate_This_Part,218400,pop-R&B,0.756
Sean_Kingston,Take_You_There,236693,hiphop-pop-R&B,0.752
Natasha_Bedingfield,Pocketful_of_Sunshine,203440,pop,0.726
The_Offspring,You're_Gonna_Go_Far_Kid,177826,rock-pop-metal,0.55
Kanye_West,Homecoming,203493,hiphop,0.667
Estelle,American_Boy,284733,R&B,0.727
Saving_Abel,Addicted,222826,rock-metal,0.512
Pendulum,Propane_Nightmares,313346,Dance/Electronic,0.356
The_Game,My_Life,320893,hiphop-pop,0.673
Danity_Kane,Damaged,244266,pop-R&B,0.774
P!nk,So_What,215160,pop,0.534
Kanye_West,Love_Lockdown,270306,hiphop,0.76
Gym_Class_Heroes,Cookie_Jar,216317,hiphop-pop,0.687
M.I.A.,Paper_Planes,205200,pop-rock,0.447
3_Doors_Down,It's_Not_My_Time,241960,pop-rock-metal,0.529
Kylie_Minogue,Wow,190973,pop-Dance/Electronic,0.654
Mariah_Carey,Touch_My_Body,204733,pop-R&B,0.715
MGMT,Kids,302840,rock,0.451
The_Ting_Tings,Shut_Up_and_Let_Me_Go,171226,pop-rock-Dance/Electronic,0.852
Lil_Wayne,Got_Money,244626,hiphop-pop,0.694
Santana,Into_the_Night,222440,rock-blues-latin,0.595
The,I_Luv_Your_Girl,267866,hiphop-pop-R&B,0.723
Wiley,Wearing_My_Rolex,170480,hiphop-Dance/Electronic,0.876
Usher,Love_in_This_Club,259720,hiphop-pop-R&B,0.573
Sam_Sparro,Black_&_Gold,212360,pop-Dance/Electronic,0.383
H_two_O,What's_It_Gonna_Be,207476,Dance/Electronic,0.733
The_Ting_Tings,That's_Not_My_Name,310573,pop-rock-Dance/Electronic,0.755
Plies,Bust_It_Baby_Pt._2,240760,hiphop-pop-R&B,0.648
James_Morrison,Broken_Strings,250453,pop-R&B,0.57
Leona_Lewis,Run,314720,pop-R&B,0.285
Metro_Station,Shake_It,179946,pop-rock,0.618
T.I.,Whatever_You_Like,249533,hiphop-pop,0.68
Trey_Songz,Can't_Help_but_Wait,206413,hiphop-pop-R&B,0.699
OneRepublic,Stop_And_Stare,223853,pop,0.492
Alexandra_Burke,Hallelujah,217826,pop,0.177
Mary_J._Blige,Just_Fine,242133,pop-R&B,0.923
Jordin_Sparks,One_Step_At_a_Time,205160,pop-R&B,0.766
Coldplay,Viva_La_Vida,242373,rock-pop,0.486
Kings_of_Leon,Sex_on_Fire,203346,rock,0.542
Kanye_West,Good_Life,207000,hiphop,0.439
Duffy,Mercy,219920,pop-R&B,0.793
David_Archuleta,Crush,213520,pop,0.57
J._Holiday,Suffocate,220053,hiphop-pop-R&B-Dance/Electronic,0.458
Gavin_DeGraw,In_Love_With_a_Girl,206000,pop-Folk/Acoustic,0.438
Jordin_Sparks,Tattoo,233466,pop-R&B,0.566
Coldplay,Violet_Hill,222653,rock-pop,0.33
Ray_J,Sexy_Can_I_feat._Yung_Berg,204040,hiphop-pop-R&B,0.575
Jennifer_Hudson,Spotlight,250106,pop-R&B-easy_listening,0.707
John_Legend,Green_Light,284186,pop-R&B,0.622
Jonas_Brothers,Burnin'_Up,175093,pop,0.667
Lupe_Fiasco,Superstar,289000,hiphop-pop,0.572
Chris_Brown,Forever,278573,hiphop-pop-R&B,0.672
Adele,Chasing_Pavements,210506,pop-R&B,0.614
Leona_Lewis,Better_in_Time,234173,pop-R&B,0.584
Fergie,Clumsy,240426,pop-R&B,0.731
T,Can't_Believe_It,273826,hiphop-pop-R&B,0.648
Black_Eyed_Peas,I_Gotta_Feeling,289133,hiphop-pop,0.743
Lady_Gaga,Poker_Face,237200,pop,0.851
Beyonce,Halo,261640,pop-R&B,0.508
David_Guetta,Sexy_Bitch,195853,hiphop-pop-Dance/Electronic,0.813
Flo_Rida,Right_Round,204640,hiphop-pop,0.72
Taylor_Swift,Love_Story,236266,pop,0.617
Pitbull,Hotel_Room_Service,238506,hiphop-pop-latin,0.849
Britney_Spears,Circus,192360,pop,0.791
Lady_Gaga,LoveGame,216333,pop,0.894
Skillet,Monster,178013,rock-pop-metal,0.64
The_Prodigy,Omen,216026,rock-pop-Dance/Electronic,0.545
Black_Eyed_Peas,Meet_Me_Halfway,284373,hiphop-pop,0.798
Kanye_West,Heartless,211000,hiphop,0.79
Kid_Cudi,Day_'N'_Nite,221240,hiphop,0.88
Lady_Gaga,Just_Dance,241933,pop,0.822
Britney_Spears,If_U_Seek_Amy,216520,pop,0.717
Pitbull,I_Know_You_Want_Me,237120,hiphop-pop-latin,0.825
Mariah_Carey,Obsessed,242200,pop-R&B,0.742
Beyonce,Sweet_Dreams,208066,pop-R&B,0.694
Agnes,Release_Me,256213,pop-Dance/Electronic,0.621
Black_Eyed_Peas,Boom_Boom_Pow,251440,hiphop-pop,0.867
Shakira,She_Wolf,188866,pop-latin,0.865
Lady_Gaga,Paparazzi,208306,pop,0.762
JAY,Empire_State_Of_Mind,276920,hiphop,0.491
OneRepublic,All_The_Right_Moves,238000,pop,0.529
Jeremih,Birthday_Sex,226506,hiphop-pop-R&B,0.677
Cascada,Evacuate_The_Dancefloor,207200,hiphop-pop-Dance/Electronic,0.762
Linkin_Park,New_Divide,268613,rock-metal,0.493
Kevin_Rudolf,Let_It_Rock,231173,hiphop-pop,0.607
JAY,Run_This_Town,267520,hiphop,0.632
Lady_Gaga,Bad_Romance,294573,pop,0.696
T.I.,Live_Your_Life,338853,hiphop-pop,0.375
Eminem,We_Made_You,269613,hiphop,0.924
Dizzee_Rascal,Bonkers,177573,hiphop-pop-Dance/Electronic,0.624
Ciara,Love_Sex_Magic,220426,pop-R&B,0.893
Rihanna,Russian_Roulette,227533,hiphop-pop-R&B,0.48
Soulja_Boy,Turn_My_Swag_On,206333,hiphop-pop,0.546
The_xx,Intro,127920,rock,0.617
Jay_Sean,Down,212106,hiphop-pop-R&B,0.657
Keri_Hilson,Turnin_Me_On,248066,pop-R&B,0.661
David_Guetta,When_Love_Takes_Over,191000,hiphop-pop-Dance/Electronic,0.675
Cheryl,Fight_For_This_Love,223253,pop-Dance/Electronic,0.739
Soulja_Boy,Kiss_Me_Thru_The_Phone,193386,hiphop-pop,0.758
Eminem,Crack_A_Bottle,297520,hiphop,0.516
P!nk,Sober,251440,pop,0.614
Tinchy_Stryder,Number_1,212773,pop-Dance/Electronic,0.581
Pixie_Lott,Mama_Do,196520,pop-Dance/Electronic,0.451
JLS,Beat_Again,196640,pop,0.894
3OH!3,DONTTRUSTME,192573,hiphop-pop-rock,0.791
A.R._Rahman,Jai_Ho!,222400,pop,0.657
The_Pussycat_Dolls,I_Hate_This_Part,218400,pop-R&B,0.756
Akon,Beautiful,312986,pop,0.74
Alexandra_Burke,Bad_Boys,206480,pop,0.67
Mario,Break_Up,249026,pop-R&B,0.44
Drake,Forever,357706,hiphop-pop-R&B,0.457
Selena_Gomez_&_The_Scene,Naturally,202586,pop-Dance/Electronic,0.605
Kanye_West,Love_Lockdown,270306,hiphop,0.76
The_Veronicas,Untouched,255360,pop-Dance/Electronic,0.557
Fabolous,Throw_It_In_The_Bag,231573,hiphop-pop-R&B,0.789
Jason_Derulo,Whatcha_Say,221253,hiphop-pop,0.615
Lily_Allen,Not_Fair,201213,pop,0.719
T.I.,Dead_And_Gone,299746,hiphop-pop,0.713
Sean_Kingston,Fire_Burning,239986,hiphop-pop-R&B,0.839
Empire_of_the_Sun,Walking_On_A_Dream,198440,rock-pop-Dance/Electronic,0.871
Cobra_Starship,Good_Girls_Go_Bad,196413,pop-Dance/Electronic,0.594
Nickelback,If_Today_Was_Your_Last_Day,249066,rock-metal,0.485
La_Roux,Bulletproof,205733,pop-Dance/Electronic,0.674
Kasabian,Fire,252279,rock,0.525
Calvin_Harris,I'm_Not_Alone,210973,hiphop-pop-Dance/Electronic,0.597
Justin_Bieber,One_Time,215866,pop,0.691
Jamie_Foxx,Blame_It,289746,hiphop-pop-R&B,0.673
La_Roux,In_For_The_Kill,248626,pop-Dance/Electronic,0.629
Muse,Uprising,304840,rock,0.602
Nickelback,Gotta_Be_Somebody,252653,rock-metal,0.536
James_Morrison,Broken_Strings,250453,pop-R&B,0.57
T.I.,Whatever_You_Like,249533,hiphop-pop,0.68
Dizzee_Rascal,Holiday,220626,hiphop-pop-Dance/Electronic,0.545
Beyonce,Single_Ladies,193213,pop-R&B,0.426
Boys_Like_Girls,Love_Drunk,226706,pop,0.44
The,Rockin'_That_Shit,221920,hiphop-pop-R&B,0.672
OneRepublic,Secrets,224693,pop,0.516
JLS,Everybody_in_Love,195586,pop,0.705
Jason_Aldean,Big_Green_Tractor,204200,country,0.616
The_Fray,Never_Say_Never,256613,pop,0.23
Lily_Allen,The_Fear,207120,pop,0.661
Kings_of_Leon,Sex_on_Fire,203346,rock,0.542
Drake,Best_I_Ever_Had,258760,hiphop-pop-R&B,0.431
Kelly_Clarkson,Already_Gone,281560,pop-R&B,0.209
Miley_Cyrus,Party_In_The_U.S.A.,202066,pop,0.652
Jordin_Sparks,Battlefield,241920,pop-R&B,0.613
Ne,Mad,254533,pop-R&B,0.731
Green_Day,21_Guns,321093,rock,0.268
Keri_Hilson,Knock_You_Down,326186,pop-R&B,0.588
Taylor_Swift,You_Belong_With_Me,231146,pop,0.687
Shinedown,Second_Chance,222066,rock-metal,0.46
Asher_Roth,I_Love_College,241933,hiphop-pop,0.713
Katy_Perry,Waking_Up_In_Vegas,199186,pop,0.524
Kelly_Clarkson,My_Life_Would_Suck_Without_You,211493,pop-R&B,0.526
Mumford_&_Sons,Little_Lion_Man,245173,Folk/Acoustic-rock-pop,0.517
The_Fray,You_Found_Me,241853,pop,0.338
Bruno_Mars,Just_the_Way_You_Are,220734,pop,0.635
Eminem,Love_The_Way_You_Lie,263373,hiphop,0.749
Lady_Gaga,Bad_Romance,294573,pop,0.696
Stromae,Alors_on_danse,206066,pop,0.791
Kesha,TiK_ToK,199693,pop-Dance/Electronic,0.755
David_Guetta,Memories,210853,hiphop-pop-Dance/Electronic,0.546
Taio_Cruz,Dynamite,202613,hiphop-pop,0.751
Rihanna,Only_Girl,235493,hiphop-pop-R&B,0.789
Katy_Perry,California_Gurls,234653,pop,0.791
Kesha,Take_It_Off,215200,pop-Dance/Electronic,0.729
INNA,Hot,217036,pop,0.817
Far_East_Movement,Like_A_G6,216893,hiphop-pop,0.435
David_Guetta,Gettin'_Over_You,188000,hiphop-pop-Dance/Electronic,0.615
Duck_Sauce,Barbra_Streisand,196533,Dance/Electronic,0.769
Lucenzo,Danza_Kuduro,213986,latin,0.622
Rihanna,Te_Amo,208426,hiphop-pop-R&B,0.567
Timbaland,Carry_Out,232466,hiphop-pop-R&B,0.531
DJ_Fresh,Gold_Dust,192446,pop-Dance/Electronic,0.451
Edward_Maya,Stereo_Love,184573,pop,0.799
Taio_Cruz,Break_Your_Heart,201546,hiphop-pop,0.607
Black_Eyed_Peas,Imma_Be,257560,hiphop-pop,0.597
Sidney_Samson,Riverside,320348,Dance/Electronic,0.804
Eminem,Not_Afraid,248133,hiphop,0.855
Lady_Gaga,Alejandro,274213,pop,0.623
Rihanna,Rude_Boy,222920,hiphop-pop-R&B,0.563
Ne,Beautiful_Monster,251573,pop-R&B,0.708
3OH!3,Starstrukk,203093,hiphop-pop-rock,0.605
Black_Eyed_Peas,The_Time,307640,hiphop-pop,0.816
Kelly_Rowland,Commander,218106,hiphop-pop-R&B,0.395
Swedish_House_Mafia,One,163246,pop-Dance/Electronic,0.733
Chris_Brown,Deuces,276560,hiphop-pop-R&B,0.692
Usher,DJ_Got_Us_Fallin'_In_Love,220800,hiphop-pop-R&B,0.663
Iyaz,Replay,182306,hiphop-pop,0.706
Flo_Rida,Club_Can't_Handle_Me,234560,hiphop-pop,0.616
Sean_Kingston,Eenie_Meenie,201946,hiphop-pop-R&B,0.72
Waka_Flocka_Flame,No_Hands,263773,hiphop-pop,0.76
Tinie_Tempah,Written_in_the_Stars,207653,hiphop-pop-Dance/Electronic,0.656
Bruno_Mars,Talking_to_the_Moon,217866,pop,0.498
Miley_Cyrus,Can't_Be_Tamed,168213,pop,0.63
Mike_Posner,Cooler_Than_Me,213293,hiphop-pop-Dance/Electronic,0.768
Lady_Gaga,Telephone,220640,pop,0.824
Yolanda_Be_Cool,We_No_Speak_Americano,157438,Dance/Electronic,0.901
Rihanna,Hard,250600,hiphop-pop-R&B,0.31
Tinie_Tempah,Pass_Out,268053,hiphop-pop-Dance/Electronic,0.693
Adam_Lambert,Whataya_Want_from_Me,227320,pop,0.438
Trey_Songz,Bottoms_Up,242013,hiphop-pop-R&B,0.845
Timbaland,If_We_Ever_Meet_Again,292706,hiphop-pop-R&B,0.652
Enrique_Iglesias,I_Like_It,231373,pop-latin,0.648
Tim_Berg,Seek_Bromance,203960,pop-Dance/Electronic,0.515
Usher,OMG,269493,hiphop-pop-R&B,0.781
Maroon_5,Misery,216200,pop,0.703
Jay_Sean,Down,212106,hiphop-pop-R&B,0.657
Rihanna,Man_Down,267000,hiphop-pop-R&B,0.47
3OH!3,My_First_Kiss,192440,hiphop-pop-rock,0.682
Justin_Bieber,Baby,214240,pop,0.728
Cali_Swag_District,Teach_Me_How_to_Dougie,237480,hiphop-pop,0.846
Swedish_House_Mafia,Miami_2_Ibiza,206460,pop-Dance/Electronic,0.736
K'NAAN,Wavin'_Flag,220520,pop,0.625
Ludacris,How_Low,201586,hiphop-pop,0.785
Kesha,Blah_Blah_Blah,172053,pop-Dance/Electronic,0.752
DJ_Khaled,All_I_Do_Is_Win,232506,hiphop-pop,0.544
Jason_Derulo,In_My_Head,199026,hiphop-pop,0.762
Aloe_Blacc,I_Need_A_Dollar,243053,R&B,0.84
B.o.B,Airplanes,180480,hiphop-pop,0.66
Ludacris,My_Chick_Bad,216933,hiphop-pop,0.624
Nelly,Just_A_Dream,237800,hiphop-pop-R&B,0.531
Rihanna,What's_My_Name?,263173,hiphop-pop-R&B,0.692
Shontelle,Impossible,226533,pop-R&B,0.599
Take_That,The_Flood,289359,pop,0.514
Trey_Songz,Say_Aah,207546,hiphop-pop-R&B,0.724
Jason_Derulo,Whatcha_Say,221253,hiphop-pop,0.615
Drake,Over,233560,hiphop-pop-R&B,0.325
Example,Kickstarts,181826,pop-Dance/Electronic,0.61
Plan_B,She_Said,208853,Dance/Electronic,0.72
The_Saturdays,Higher,207613,pop-Dance/Electronic,0.639
Jay_Sean,Do_You_Remember,210306,hiphop-pop-R&B,0.855
Usher,Hey_Daddy,224093,hiphop-pop-R&B,0.59
Lil_Wayne,Right_Above_It,271946,hiphop-pop,0.376
The_Wanted,All_Time_Low,205200,pop-Dance/Electronic,0.689
Kesha,Your_Love_Is_My_Drug,187133,pop-Dance/Electronic,0.826
Ellie_Goulding,Starry_Eyed,176613,pop-rock-Dance/Electronic,0.504
Drake,Find_Your_Love,208946,hiphop-pop-R&B,0.625
Jason_Derulo,Ridin'_Solo,215746,hiphop-pop,0.442
Two_Door_Cinema_Club,What_You_Know,189693,World/Traditional-rock-pop,0.55
JAY,Young_Forever,253906,hiphop,0.637
Young_Money,BedRock,288133,hiphop-pop,0.733
B.o.B,Nothin'_on_You,268320,hiphop-pop,0.688
Katy_Perry,Teenage_Dream,227741,pop,0.719
Scouting_For_Girls,This_Ain't_a_Love_Song,210680,pop-rock,0.458
Travie_McCoy,Billionaire,211160,hiphop-pop,0.633
Owl_City,Fireflies,228346,rock-pop,0.512
Alicia_Keys,Empire_State_of_MindBroken_Down,216480,pop-R&B,0.484
Lady_A,Need_You_Now,236440,pop-country,0.581
Taylor_Swift,Back_To_December,293026,pop,0.529
Neon_Trees,Animal,212306,rock-pop,0.482
Kris_Allen,Live_Like_We're_Dying,212506,pop,0.589
Matt_Cardle,When_We_Collide,226000,pop,0.443
Robyn,Dancing_On_My_Own,288670,pop-Dance/Electronic,0.687
The_Band_Perry,If_I_Die_Young,222773,country,0.606
B.o.B,Magic,196133,hiphop-pop,0.549
Adele,Rolling_in_the_Deep,228093,pop-R&B,0.73
Maroon_5,Moves_Like_Jagger,201493,pop,0.722
LMFAO,Party_Rock_Anthem,262146,hiphop-pop-Dance/Electronic,0.751
Katy_Perry,Firework,227893,pop,0.638
Bruno_Mars,Grenade,222091,pop,0.704
Pitbull,Hey_Baby,234453,hiphop-pop-latin,0.595
Alexandra_Stan,Mr._Saxobeat,195105,pop-Dance/Electronic,0.726
David_Guetta,Who's_That_Chick?,201040,hiphop-pop-Dance/Electronic,0.675
Jennifer_Lopez,On_The_Floor,284866,hiphop-pop-R&B,0.73
Rihanna,S&M,243533,hiphop-pop-R&B,0.767
Kesha,Blow,219973,pop-Dance/Electronic,0.753
Snoop_Dogg,Sweat,195986,hiphop-pop,0.813
Taio_Cruz,Higher,187626,hiphop-pop,0.672
Usher,More,219986,hiphop-pop-R&B,0.551
Example,Changed_the_Way_You_Kiss_Me,195466,pop-Dance/Electronic,0.578
Black_Eyed_Peas,Just_Cant_Get_Enough,219426,hiphop-pop,0.659
David_Guetta,Where_Them_Girls_At,194840,hiphop-pop-Dance/Electronic,0.666
Lykke_Li,I_Follow_Rivers,281106,pop-Dance/Electronic,0.786
Pitbull,Give_Me_Everything,252306,hiphop-pop-latin,0.671
Selena_Gomez_&_The_Scene,Love_You_Like_A_Love_Song,188453,pop-Dance/Electronic,0.858
Wiz_Khalifa,Black_and_Yellow,217666,hiphop-pop,0.684
Katy_Perry,E.T.,229573,pop,0.62
Britney_Spears,I_Wanna_Go,210266,pop,0.696
Gym_Class_Heroes,Stereo_Hearts,210960,hiphop-pop,0.646
Edward_Maya,Stereo_Love,184573,pop,0.799
Enrique_Iglesias,Tonight,232213,pop-latin,0.648
Jeremih,Down_On_Me,228453,hiphop-pop-R&B,0.7
Sak_Noel,Loca_People,215624,Dance/Electronic,0.926
Olly_Murs,Heart_Skips_a_Beat,202266,pop-Dance/Electronic,0.843
LMFAO,Sexy_And_I_Know_It,199480,hiphop-pop-Dance/Electronic,0.707
Cobra_Starship,You_Make_Me_Feel...,215693,pop-Dance/Electronic,0.668
Jessie_J,Do_It_Like_A_Dude,195240,hiphop-pop,0.663
DJ_Fresh,Louder,206776,pop-Dance/Electronic,0.31
Waka_Flocka_Flame,No_Hands,263773,hiphop-pop,0.76
Nickelback,When_We_Stand_Together,190786,rock-metal,0.446
M83,Midnight_City,243960,rock-pop-metal-Dance/Electronic,0.507
Britney_Spears,Till_the_World_Ends,237946,pop,0.693
Labrinth,Earthquake,274600,pop,0.54
Jason_Derulo,Don't_Wanna_Go_Home,206080,hiphop-pop,0.671
Coldplay,Paradise,278719,rock-pop,0.449
Katy_Perry,Last_Friday_Night,230746,pop,0.649
Adele,Set_Fire_to_the_Rain,242973,pop-R&B,0.603
Dr._Dre,I_Need_A_Doctor,283733,hiphop,0.594
Lil_Wayne,6_Foot_7_Foot,248586,hiphop-pop,0.364
DJ_Khaled,I'm_On_One,296146,hiphop-pop,0.413
Chris_Brown,Look_At_Me_Now,222586,hiphop-pop-R&B,0.767
Far_East_Movement,Rocketeer,211253,hiphop-pop,0.664
The_Wanted,Glad_You_Came,197935,pop-Dance/Electronic,0.722
Kesha,We_R_Who_We_R,204760,pop-Dance/Electronic,0.736
Kelly_Rowland,Motivation,230560,hiphop-pop-R&B,0.744
Rihanna,We_Found_Love,215226,hiphop-pop-R&B,0.735
Nicole_Scherzinger,Don't_Hold_Your_Breath,197440,pop-Dance/Electronic,0.66
Mann,Buzzin_Remix,224333,hiphop-pop,0.687
Chris_Brown,Yeah_3x,241666,hiphop-pop-R&B,0.705
Swedish_House_Mafia,Save_The_World,213337,pop-Dance/Electronic,0.507
Kanye_West,All_Of_The_Lights,299613,hiphop,0.531
Miguel,Sure_Thing,195373,pop-R&B,0.684
Diddy,Coming_Home,238693,hiphop-pop-R&B,0.392
Rihanna,What's_My_Name?,263173,hiphop-pop-R&B,0.692
Chris_Brown,Beautiful_People,225881,hiphop-pop-R&B,0.415
Avril_Lavigne,What_the_Hell,220706,pop,0.578
Professor_Green,Read_All_About_It,235735,Dance/Electronic,0.656
Chase_&_Status,Blind_Faith,233666,Dance/Electronic,0.45
Chip,Champion,237293,hiphop-Dance/Electronic,0.415
Selena_Gomez_&_The_Scene,Who_Says,195613,pop-Dance/Electronic,0.682
Rizzle_Kicks,Down_With_The_Trumpets,186851,hiphop,0.753
Lady_Gaga,Born_This_Way,260253,pop,0.587
Nicki_Minaj,Super_Bass,200013,hiphop-pop,0.72
Mac_Miller,Donald_Trump,165908,hiphop,0.636
Calvin_Harris,Bounce,222186,hiphop-pop-Dance/Electronic,0.779
David_Guetta,Without_You,208133,hiphop-pop-Dance/Electronic,0.608
Foster_The_People,Pumped_Up_Kicks,239600,rock-pop,0.733
Drake,Headlines,235986,hiphop-pop-R&B,0.636
Jessie_J,Price_Tag,223053,hiphop-pop,0.636
Jason_Aldean,Dirt_Road_Anthem,229413,country,0.678
Wiz_Khalifa,Roll_Up,227773,hiphop-pop,0.523
OneRepublic,Good_Life,253306,pop,0.634
Bad_Meets_Evil,Lighters,303813,hiphop-pop,0.676
Bruno_Mars,The_Lazy_Song,189109,pop,0.794
Lupe_Fiasco,The_Show_Goes_On,239613,hiphop-pop,0.591
James_Morrison,I_Won't_Let_You_Go,229303,pop-R&B,0.537
Jason_Derulo,It_Girl,192200,hiphop-pop,0.668
Adele,Someone_Like_You,285240,pop-R&B,0.554
Red_Hot_Chili_Peppers,The_Adventures_of_Rain_Dance_Maggie,282400,rock,0.683
Keri_Hilson,Pretty_Girl_Rock,243920,pop-R&B,0.666
P!nk,F**kin'_Perfect,213413,pop,0.563
Blake_Shelton,Honey_Bee,210720,country,0.481
Lady_Gaga,The_Edge_Of_Glory,320546,pop,0.583
Lady_A,Just_A_Kiss,218840,pop-country,0.593
Hot_Chelle_Rae,Tonight_Tonight,200466,hiphop-pop-rock,0.686
Grouplove,Tongue_Tied,218013,pop-rock-Folk/Acoustic,0.56
Coldplay,Every_Teardrop_Is_a_Waterfall,240796,rock-pop,0.425
Beyonce,Best_Thing_I_Never_Had,253746,pop-R&B,0.545
P!nk,Raise_Your_Glass,202960,pop,0.7
Christina_Perri,Jar_of_Hearts,246587,pop,0.349
Bruno_Mars,Marry_You,230192,pop,0.621
The_Band_Perry,If_I_Die_Young,222773,country,0.606
Lil_Wayne,How_To_Love,240306,hiphop-pop,0.644
Charlene_Soraia,Wherever_You_Will_Go,197577,pop,0.597
Christina_Perri,A_Thousand_Years,285120,pop,0.421
Rihanna,We_Found_Love,215226,hiphop-pop-R&B,0.735
Carly_Rae_Jepsen,Call_Me_Maybe,193400,pop-Dance/Electronic,0.783
fun.,We_Are_Young,250626,rock-pop,0.378
Sean_Paul,She_Doesn't_Mind,227786,hiphop-pop,0.718
Pitbull,International_Love,227280,hiphop-pop-latin,0.67
DEV,In_The_Dark,226226,pop-Dance/Electronic,0.736
Adele,Skyfall,286480,pop-R&B,0.346
David_Guetta,Turn_Me_On,199680,hiphop-pop-Dance/Electronic,0.704
Rihanna,Where_Have_You_Been,242680,hiphop-pop-R&B,0.719
JAY,Ni**as_In_Paris,219333,hiphop,0.789
Maroon_5,One_More_Night,219546,pop,0.716
Skrillex,Bangarang,215253,hiphop-pop-Dance/Electronic,0.716
The_Wanted,Chasing_The_Sun,198800,pop-Dance/Electronic,0.637
Flo_Rida,Whistle,224653,hiphop-pop,0.747
will.i.am,This_Is_Love,279026,hiphop-pop,0.535
David_Guetta,She_Wolf,222500,hiphop-pop-Dance/Electronic,0.492
Nicki_Minaj,Pound_The_Alarm,205640,hiphop-pop,0.728
Kendrick_Lamar,Swimming_Pools,313786,hiphop,0.716
MARINA,Primadonna,221075,pop-Dance/Electronic,0.66
Kanye_West,Mercy,329320,hiphop,0.563
DJ_Fresh,Hot_Right_Now,182333,pop-Dance/Electronic,0.524
LMFAO,Sexy_And_I_Know_It,199480,hiphop-pop-Dance/Electronic,0.707
PSY,Gangnam_Style,219493,pop,0.727
Kesha,Die_Young,211920,pop-Dance/Electronic,0.711
Usher,Scream,234693,hiphop-pop-R&B,0.616
Olly_Murs,Troublemaker,185586,pop-Dance/Electronic,0.762
Linkin_Park,BURN_IT_DOWN,230253,rock-metal,0.585
Bruno_Mars,Locked_out_of_Heaven,233478,pop,0.726
Avicii,Levels,199906,pop-Dance/Electronic,0.584
Flo_Rida,Good_Feeling,248133,hiphop-pop,0.706
Rihanna,Diamonds,225146,hiphop-pop-R&B,0.564
Wiz_Khalifa,Work_Hard_Play_Hard,219026,hiphop-pop,0.787
Katy_Perry,Part_Of_Me,216160,pop,0.678
Nicki_Minaj,Starships,210626,hiphop-pop,0.747
Kendrick_Lamar,m.A.A.d_city,350120,hiphop,0.487
Asaf_Avidan_&_the_Mojos,One_Day_/_Reckoning_Song,212360,pop,0.821
Florence_+_The_Machine,Spectrum,218190,rock-pop-Dance/Electronic,0.578
Azealia_Banks,212,204956,hiphop-pop-R&B,0.847
Maroon_5,Payphone,231173,pop,0.743
James_Arthur,Impossible,209440,pop,0.376
Michel_Telo,Ai_Se_Eu_Te_Pego,166866,country-latin,0.676
Otto_Knows,Million_Voices,192866,pop-Dance/Electronic,0.582
Icona_Pop,I_Love_It,156773,pop-Dance/Electronic,0.71
Tyga,Rack_City,203200,hiphop-pop,0.929
Calvin_Harris,Feel_So_Close,206413,hiphop-pop-Dance/Electronic,0.707
Jennifer_Lopez,Dance_Again,237266,hiphop-pop-R&B,0.797
Grimes,Oblivion,251266,pop-rock-Dance/Electronic,0.697
Adele,Rumour_Has_It,223266,pop-R&B,0.612
Coldplay,Paradise,278719,rock-pop,0.449
Chris_Brown,Turn_Up_the_Music,227973,hiphop-pop-R&B,0.594
Frank_Ocean,Lost,234093,hiphop-pop-R&B,0.913
Calvin_Harris,Let's_Go,232800,hiphop-pop-Dance/Electronic,0.71
The_Script,Hall_of_Fame,202533,pop-rock,0.421
Swedish_House_Mafia,Don't_You_Worry_Child,212862,pop-Dance/Electronic,0.612
MARINA,How_to_Be_a_Heartbreaker,221493,pop-Dance/Electronic,0.69
Justin_Bieber,Boyfriend,171333,pop,0.717
David_Guetta,Titanium,245040,hiphop-pop-Dance/Electronic,0.604
Jessie_J,Domino,231840,hiphop-pop,0.758
Taylor_Swift,I_Knew_You_Were_Trouble.,219720,pop,0.622
ScHoolboy_Q,Hands_on_the_Wheel,197131,hiphop-pop,0.646
P!nk,Try,247906,pop,0.674
Robbie_Williams,Candy,201053,pop-rock,0.715
Snoop_Dogg,Young_Wild_&_Free,207333,hiphop-pop,0.715
Justin_Bieber,As_Long_As_You_Love_Me,229466,pop,0.571
Rita_Ora,R.I.P.,228026,hiphop-pop-Dance/Electronic,0.603
Alex_Clare,Too_Close,256613,rock,0.588
Tyga,Faded,206666,hiphop-pop,0.831
Alesso,Years,195480,pop-Dance/Electronic,0.37
Guy_Sebastian,Battle_Scars,250080,pop,0.61
Katy_Perry,The_One_That_Got_Away,227333,pop,0.687
Avicii,Silhouettes,211880,pop-Dance/Electronic,0.605
Gotye,Somebody_That_I_Used_To_Know,244884,pop,0.863
Flo_Rida,Wild_Ones,232946,hiphop-pop,0.608
One_Direction,What_Makes_You_Beautiful,199986,pop,0.726
Lana_Del_Rey,Born_To_Die,286253,pop,0.18
Kesha,C'Mon,214333,pop-Dance/Electronic,0.558
Owl_City,Good_Time,205933,rock-pop,0.56
Calvin_Harris,We'll_Be_Coming_Back,234360,hiphop-pop-Dance/Electronic,0.596
Emeli_Sande,Read_All_About_It_Pt._III,283706,pop-R&B,0.63
Ellie_Goulding,Lights,210853,pop-rock-Dance/Electronic,0.682
Train,Drive_By,195973,pop,0.765
Disclosure,Latch,255631,pop-Dance/Electronic,0.503
Coldplay,Princess_of_China,239215,rock-pop,0.42
One_Direction,Live_While_We're_Young,200186,pop,0.658
Gym_Class_Heroes,Ass_Back_Home,222213,hiphop-pop,0.716
Carrie_Underwood,Blown_Away,240133,pop-country,0.531
alt-j,Breezeblocks,227080,rock,0.616
Chris_Brown,Don't_Wake_Me_Up,222306,hiphop-pop-R&B,0.602
Kelly_Clarkson,Stronger,221946,pop-R&B,0.562
Drake,The_Motto,181573,hiphop-pop-R&B,0.766
Katy_Perry,Wide_Awake,220946,pop,0.514
Rita_Ora,How_We_Do,247026,hiphop-pop-Dance/Electronic,0.738
Rudimental,Feel_the_Love,245186,pop-Dance/Electronic,0.389
Lana_Del_Rey,Ride,289080,pop,0.373
Ne,Let_Me_Love_You,251626,pop-R&B,0.658
Demi_Lovato,Give_Your_Heart_a_Break,205346,pop,0.651
Drake,Take_Care,277386,hiphop-pop-R&B,0.629
Little_Mix,Wings,219733,pop,0.738
Bruno_Mars,It_Will_Rain,257720,pop,0.576
Cher_Lloyd,Want_U_Back,214013,pop-Dance/Electronic,0.696
Lorde,Royals,190185,pop-Dance/Electronic,0.674
Robin_Thicke,Blurred_Lines,263053,pop-R&B,0.861
Imagine_Dragons,Radioactive,186813,rock,0.448
Avicii,Wake_Me_Up,247426,pop-Dance/Electronic,0.532
Bruno_Mars,Locked_out_of_Heaven,233478,pop,0.726
Macklemore_&_Ryan_Lewis,Thrift_Shop,235613,hiphop-pop,0.781
Daft_Punk,Get_Lucky,248413,hiphop-Dance/Electronic,0.794
will.i.am,Scream_&_Shout,283400,hiphop-pop,0.772
Stromae,Papaoutai,232146,pop,0.733
Bingo_Players,Get_Up,166933,pop-Dance/Electronic,0.801
Naughty_Boy,La_La_La,220779,Dance/Electronic,0.754
Tom_Odell,Another_Love,244360,pop,0.445
2_Chainz,We_Own_It,227906,hiphop-pop,0.563
David_Guetta,Play_Hard,201000,hiphop-pop-Dance/Electronic,0.691
Pitbull,Feel_This_Moment,229506,hiphop-pop-latin,0.673
will.i.am,#thatPOWER,279506,hiphop-pop,0.797
Lil_Wayne,Love_Me,255053,hiphop-pop,0.669
Macklemore_&_Ryan_Lewis,Can't_Hold_Us,258342,hiphop-pop,0.641
Martin_Garrix,Animals,176117,pop-Dance/Electronic,0.593
Jason_Derulo,Talk_Dirty,177685,hiphop-pop,0.76
John_Newman,Love_Me_Again,239894,pop,0.495
Britney_Spears,Work_B**ch,247853,pop,0.63
The_Neighbourhood,Sweater_Weather,240400,rock-pop,0.612
Sebastian_Ingrosso,Reload,221272,pop-Dance/Electronic,0.485
Capital_Cities,Safe_And_Sound,192693,pop,0.652
Demi_Lovato,Heart_Attack,210840,pop,0.504
Arctic_Monkeys,Why'd_You_Only_Call_Me_When_You're_High?,161123,rock,0.691
Justin_Bieber,Beauty_And_A_Beat,227986,pop,0.602
Eminem,The_Monster,250188,hiphop,0.781
Pitbull,Don't_Stop_the_Party,206120,hiphop-pop-latin,0.722
Selena_Gomez,Come_&_Get_It,231986,pop,0.546
P!nk,True_Love,230733,pop,0.457
Disclosure,White_Noise,277687,pop-Dance/Electronic,0.665
Flo_Rida,I_Cry,223800,hiphop-pop,0.693
Kanye_West,Black_Skinhead,188013,hiphop,0.578
Lana_Del_Rey,Summertime_Sadness,214912,pop,0.572
Eminem,Berzerk,238746,hiphop,0.739
Icona_Pop,I_Love_It,157152,pop-Dance/Electronic,0.711
Fall_Out_Boy,My_Songs_Know_What_You_Did_In_The_Dark,186826,rock,0.558
Lorde,Team,193058,pop-Dance/Electronic,0.691
Avicii,I_Could_Be_The_One,208316,pop-Dance/Electronic,0.509
Imagine_Dragons,Demons,177506,rock,0.505
One_Direction,One_Way_or_Another,157293,pop,0.489
Taylor_Swift,I_Knew_You_Were_Trouble.,219720,pop,0.622
Arctic_Monkeys,Do_I_Wanna_Know?,272394,rock,0.548
Rudimental,Waiting_All_Night,292586,pop-Dance/Electronic,0.544
Klangkarussell,Sonnentanz,238120,pop-Dance/Electronic,0.579
Calvin_Harris,Drinking_from_the_Bottle,240346,hiphop-pop-Dance/Electronic,0.665
A$AP_Rocky,F**kin'_Problems,233786,hiphop,0.853
P!nk,Try,247906,pop,0.674
Ylvis,The_Fox,213708,hiphop,0.703
Ellie_Goulding,Burn,231211,pop-rock-Dance/Electronic,0.559
Baauer,Harlem_Shake,196664,Dance/Electronic,0.452
Calvin_Harris,I_Need_Your_Love,234506,hiphop-pop-Dance/Electronic,0.695
Katy_Perry,This_Is_How_We_Do,204285,pop,0.69
AWOLNATION,Sail,259102,pop-rock,0.825
Duke_Dumont,Need_U,174853,pop-Dance/Electronic,0.681
Jason_Derulo,The_Other_Side,226986,hiphop-pop,0.561
Storm_Queen,Look_Right_Through,150400,Dance/Electronic,0.832
Calvin_Harris,Sweet_Nothing,212560,hiphop-pop-Dance/Electronic,0.573
Katy_Perry,Unconditionally,228878,pop,0.555
Wale,Bad,238826,hiphop-pop-R&B,0.807
Ciara,Body_Party,234040,pop-R&B,0.577
Drake,Started_From_the_Bottom,174120,hiphop-pop-R&B,0.794
Birdy,Wings,252106,pop,0.474
Bastille,Of_The_Night,214205,pop-rock,0.67
Olly_Murs,Dear_Darlin',206373,pop-Dance/Electronic,0.512
Katy_Perry,Roar,223546,pop,0.554
Blake_Shelton,Sure_Be_Cool_If_You_Did,215720,country,0.576
Calvin_Harris,Thinking_About_You,247933,hiphop-pop-Dance/Electronic,0.725
JAY,Holy_Grail,338413,hiphop,0.676
Bridgit_Mendler,Ready_or_Not,200946,pop,0.715
The_Saturdays,What_About_Us,220682,pop-Dance/Electronic,0.704
Bastille,Pompeii,214147,pop-rock,0.679
One_Direction,Best_Song_Ever,200106,pop,0.652
Nelly,Hey_Porsche,209466,hiphop-pop-R&B,0.726
Zedd,Clarity,271426,hiphop-pop-Dance/Electronic,0.523
Miley_Cyrus,Wrecking_Ball,221360,pop,0.53
Chris_Brown,Fine_China,213666,hiphop-pop-R&B,0.659
Daft_Punk,Lose_Yourself_to_Dance,353893,hiphop-Dance/Electronic,0.832
Armin_van_Buuren,This_Is_What_It_Feels_Like,204360,pop-Dance/Electronic,0.551
Justin_Timberlake,Mirrors,484146,pop,0.574
Bruno_Mars,Treasure,178560,pop,0.874
Of_Monsters_and_Men,Little_Talks,266600,pop-rock-Folk/Acoustic,0.457
Miley_Cyrus,We_Can't_Stop,231240,pop,0.613
J._Cole,Power_Trip,241160,hiphop,0.667
Paramore,Still_into_You,216013,pop-rock,0.602
Christina_Perri,human,250706,pop,0.439
Drake,Hold_On_We're_Going_Home,227880,hiphop-pop-R&B,0.773
James_Blunt,Bonfire_Heart,238000,pop,0.575
Maroon_5,Daylight,225066,pop,0.656
Childish_Gambino,3005,235662,hiphop,0.681
Avril_Lavigne,Here's_to_Never_Growing_Up,214080,pop,0.483
Taylor_Swift,22,232120,pop,0.661
Passenger,Let_Her_Go,252866,pop,0.509
Ariana_Grande,The_Way,227026,pop,0.645
Rihanna,Stay,240706,hiphop-pop-R&B,0.621
Justin_Timberlake,Suit_&_Tie,326280,pop,0.795
Bruno_Mars,When_I_Was_Your_Man,213826,pop,0.612
Florida_Georgia_Line,Cruise,208960,country,0.457
Pharrell_Williams,Happy,232720,hiphop-pop,0.647
Katy_Perry,Dark_Horse,215672,pop,0.647
ScHoolboy_Q,Collard_Greens,299960,hiphop-pop,0.826
Iggy_Azalea,Fancy,199938,hiphop-pop,0.912
Maroon_5,Animals,231013,pop,0.279
Sam_Smith,Stay_With_Me,172723,pop,0.418
MAGIC!,Rude,224840,pop,0.773
Sia,Chandelier,216120,pop,0.399
John_Legend,All_of_Me,269560,pop-R&B,0.422
ZHU,Faded,223386,Dance/Electronic,0.861
Meghan_Trainor,All_About_That_Bass,187920,pop,0.807
David_Guetta,Lovers_on_the_Sun,203520,hiphop-pop-Dance/Electronic,0.645
Iggy_Azalea,Black_Widow,209423,hiphop-pop,0.743
Tove_Lo,Habits,209160,pop-Dance/Electronic,0.733
Oliver_Heldens,Gecko,165440,pop-Dance/Electronic,0.609
DJ_Snake,You_Know_You_Like_It,247266,hiphop-pop-Dance/Electronic,0.407
Jason_Derulo,Talk_Dirty,177685,hiphop-pop,0.76
Maroon_5,Maps,189840,pop,0.737
David_Guetta,Bad,170625,hiphop-pop-Dance/Electronic,0.614
Tinashe,2_On,227000,hiphop-pop-R&B-Dance/Electronic,0.742
Route_94,My_Love,259934,pop-Dance/Electronic,0.814
Taylor_Swift,Bad_Blood,211933,pop,0.646
Trey_Songz,Na_Na,231906,hiphop-pop-R&B,0.67
Calvin_Harris,Under_Control,184280,hiphop-pop-Dance/Electronic,0.544
O.T._Genasis,CoCo,239573,hiphop-pop,0.886
Jason_Derulo,Wiggle,193295,hiphop-pop,0.697
Lilly_Wood_and_The_Prick,Prayer_in_C,189399,pop-rock,0.76
Jeremih,Don't_Tell_'Em,266840,hiphop-pop-R&B,0.856
Nicki_Minaj,Anaconda,260240,hiphop-pop,0.964
Calvin_Harris,Blame,212960,hiphop-pop-Dance/Electronic,0.414
DJ_Snake,Turn_Down_for_What,213733,hiphop-pop-Dance/Electronic,0.818
Pitbull,Timber,204160,hiphop-pop-latin,0.581
OneRepublic,Counting_Stars,257386,pop,0.663
Bobby_Shmurda,Hot_N*gga,194561,hiphop-pop,0.794
Calvin_Harris,Summer,224506,hiphop-pop-Dance/Electronic,0.603
ScHoolboy_Q,Man_Of_The_Year,216013,hiphop-pop,0.743
Nico_&_Vinz,Am_I_Wrong,245866,hiphop-pop,0.729
Becky_G,Shower,206166,pop-latin,0.699
Sigma,Nobody_To_Love,189720,pop-Dance/Electronic,0.441
The_Chainsmokers,#SELFIE,183750,pop-Dance/Electronic,0.789
Lorde,Team,193058,pop-Dance/Electronic,0.69
Rixton,Me_And_My_Broken_Heart,193733,pop,0.545
Klingande,Jubel,201626,pop-Dance/Electronic,0.686
Mr._Probz,Waves,208133,hiphop-Dance/Electronic,0.829
Paloma_Faith,Only_Love_Can_Hurt_Like_This,232893,pop-R&B-Dance/Electronic,0.566
Kiesza,Hideaway,251986,pop-Dance/Electronic,0.838
Ellie_Goulding,Burn,231211,pop-rock-Dance/Electronic,0.559
Ariana_Grande,Break_Free,214840,pop,0.687
Kid_Ink,Show_Me,217800,hiphop-pop,0.711
Tove_Lo,Talking_Body,238426,pop-Dance/Electronic,0.736
Chris_Brown,Loyal,264946,hiphop-pop-R&B,0.841
OneRepublic,Love_Runs_Out,224226,pop,0.719
Olly_Murs,Up,224293,pop-Dance/Electronic,0.69
Peking_Duk,High,228000,Dance/Electronic,0.525
Milky_Chance,Stolen_Dance,313684,pop,0.885
Ed_Sheeran,Don't,219840,pop,0.806
Ariana_Grande,Love_Me_Harder,236133,pop,0.472
Enrique_Iglesias,Bailando,243386,pop-latin,0.718
Avicii,Hey_Brother,255093,pop-Dance/Electronic,0.545
Jessie_J,Bang_Bang,199386,hiphop-pop,0.706
Duke_Dumont,I_Got_U,285596,pop-Dance/Electronic,0.636
Gorgon_City,Ready_For_Your_Love,198880,pop-Dance/Electronic,0.677
Taylor_Swift,Style,231000,pop,0.588
MKTO,Classic,175426,hiphop-pop,0.72
Disclosure,Latch,255631,pop-Dance/Electronic,0.503
Ariana_Grande,Problem,193920,pop,0.66
Charli_XCX,Boom_Clap,169866,pop-Dance/Electronic,0.659
One_Direction,Steal_My_Girl,228133,pop,0.536
Tiesto,Red_Lights,263890,pop-Dance/Electronic,0.653
Selena_Gomez,The_Heart_Wants_What_It_Wants,227360,pop,0.616
Rita_Ora,I_Will_Never_Let_You_Down,203466,hiphop-pop-Dance/Electronic,0.753
5_Seconds_of_Summer,She_Looks_So_Perfect,202496,pop,0.494
The_Script,Superheroes,245466,pop-rock,0.49
Taylor_Swift,Shake_It_Off,219200,pop,0.647
One_Direction,Night_Changes,226600,pop,0.672
Ed_Sheeran,Sing,235382,pop,0.818
Alesso,Heroes,209866,pop-Dance/Electronic,0.521
Tiesto,Wasted,188371,pop-Dance/Electronic,0.645
G.R.L.,Ugly_Heart,198306,pop,0.65
Coldplay,A_Sky_Full_of_Stars,267866,rock-pop,0.545
Clean_Bandit,Rather_Be,227833,pop-Dance/Electronic,0.799
Zedd,Stay_The_Night,217346,hiphop-pop-Dance/Electronic,0.596
Sia,Elastic_Heart,257200,pop,0.421
One_Direction,Story_of_My_Life,245493,pop,0.6
Alex_&_Sierra,Little_Do_You_Know,185200,pop,0.5
Omarion,Post_to_Be,226580,hiphop-pop-R&B,0.733
Echosmith,Cool_Kids,237626,pop,0.719
Natalie_La_Rose,Somebody,189906,pop,0.83
Vance_Joy,Riptide,204280,rock-pop,0.484
Beyonce,Drunk_in_Love,323480,pop-R&B,0.589
Maroon_5,Sugar,235493,pop,0.744
Ella_Henderson,Ghost,213213,pop-Dance/Electronic,0.68
Ed_Sheeran,I_See_Fire,300840,pop,0.581
Chris_Brown,New_Flame,244226,hiphop-pop-R&B,0.702
Sheppard,Geronimo,218227,pop-rock-Dance/Electronic,0.707
Olly_Murs,Wrapped_Up,185640,pop-Dance/Electronic,0.787
Sam_Smith,Money_On_My_Mind,192670,pop,0.688
Jason_Derulo,Trumpets,217306,hiphop-pop,0.627
Nicki_Minaj,Bed_Of_Lies,269946,hiphop-pop,0.716
Nick_Jonas,Jealous,222213,pop,0.685
Mark_Ronson,Uptown_Funk,269666,pop,0.856
Ed_Sheeran,Thinking_out_Loud,281560,pop,0.781
Wiz_Khalifa,See_You_Again,229525,hiphop-pop,0.689
Justin_Bieber,What_Do_You_Mean?,205680,pop,0.845
Major_Lazer,Lean_On,176561,hiphop-pop-Dance/Electronic,0.723
The_Weeknd,Earned_It,252226,pop-R&B,0.659
Ellie_Goulding,Love_Me_Like_You_Do,252534,pop-rock-Dance/Electronic,0.262
Calvin_Harris,Outside,227266,hiphop-pop-Dance/Electronic,0.646
David_Guetta,Hey_Mama,192560,hiphop-pop-Dance/Electronic,0.596
Demi_Lovato,Cool_for_the_Summer,214746,pop,0.586
Taylor_Swift,Blank_Space,231826,pop,0.76
The_Weeknd,The_Hills,242253,pop-R&B,0.585
The_Neighbourhood,Daddy_Issues,260173,rock-pop,0.588
Deorro,Five_More_Hours,211975,pop-Dance/Electronic,0.699
Avicii,The_Nights,176658,pop-Dance/Electronic,0.527
DJ_Snake,You_Know_You_Like_It,247266,hiphop-pop-Dance/Electronic,0.407
Adam_Lambert,Ghost_Town,208330,pop,0.703
Rae_Sremmurd,No_Type,200080,hiphop-pop,0.891
Taylor_Swift,Bad_Blood,200106,pop,0.654
Flo_Rida,GDFR,190185,hiphop-pop,0.657
Robin_Schulz,Sugar,219043,pop-Dance/Electronic,0.636
Calvin_Harris,How_Deep_Is_Your_Love,212640,hiphop-pop-Dance/Electronic,0.738
Philip_George,Wish_You_Were_Mine,177560,pop-Dance/Electronic,0.654
Trey_Songz,Na_Na,231906,hiphop-pop-R&B,0.67
Fall_Out_Boy,Centuries,228360,rock,0.393
Rob_$tone,Chill_Bill,177184,hiphop,0.886
Lost_Frequencies,Are_You_With_Me,138842,pop-Dance/Electronic,0.776
Twenty_One_Pilots,Stressed_Out,202333,rock,0.734
Fifth_Harmony,Worth_It,224573,pop,0.884
KALEO,Way_down_We_Go,219560,rock-classical,0.59
Sam_Smith,Like_I_Can,167065,pop,0.656
Major_Lazer,Light_It_Up,166138,hiphop-pop-Dance/Electronic,0.746
Martin_Solveig,Intoxicated,159693,pop-Dance/Electronic,0.8
Avicii,Waiting_For_Love,230613,pop-Dance/Electronic,0.579
Felix_Jaehn,Ain't_Nobody,186146,hiphop-pop-Dance/Electronic,0.778
Taylor_Swift,Wildest_Dreams,220440,pop,0.553
The_Weeknd,In_The_Night,235653,pop-R&B,0.48
Pitbull,Time_of_Our_Lives,229360,hiphop-pop-latin,0.721
Galantis,Runaway,227073,pop-Dance/Electronic,0.506
Rihanna,Bitch_Better_Have_My_Money,219305,hiphop-pop-R&B,0.781
Zara_Larsson,Lush_Life,202213,pop-Dance/Electronic,0.658
One_Direction,Drag_Me_Down,192120,pop,0.73
Travis_Scott,Antidote,262693,hiphop-Dance/Electronic,0.713
Years_&_Years,King,215360,pop-Dance/Electronic,0.559
Demi_Lovato,Confident,205745,pop,0.594
Lemaitre,Closer,270589,pop,0.583
Selena_Gomez,Same_Old_Love,229080,pop,0.672
Pia_Mia,Do_It_Again,207746,pop-R&B,0.712
Flo_Rida,My_House,192190,hiphop-pop,0.688
Silento,Watch_Me,185131,hiphop,0.819
Chris_Brown,Ayo,225226,hiphop-pop-R&B,0.823
The_Strumbellas,Spirits,203653,rock-Folk/Acoustic-pop,0.556
Fetty_Wap,Trap_Queen,222093,hiphop-pop,0.746
Tove_Lo,Talking_Body,238426,pop-Dance/Electronic,0.736
Beyonce,11,213506,pop-R&B,0.747
Lana_Del_Rey,High_By_The_Beach,257573,pop,0.536
Zara_Larsson,Never_Forget_You,213427,pop-Dance/Electronic,0.583
Jeremih,oui,238320,hiphop-pop-R&B,0.418
Drake,Hotline_Bling,267066,hiphop-pop-R&B,0.891
Selena_Gomez,Kill_Em_With_Kindness,217906,pop,0.757
Birdy,Let_It_All_Go,280757,pop,0.383
Fetty_Wap,679,196693,hiphop-pop,0.618
Ariana_Grande,Love_Me_Harder,236133,pop,0.472
The_Weeknd,Can't_Feel_My_Face,213520,pop-R&B,0.705
SAYGRACE,You_Don't_Own_Me,199314,pop-R&B,0.336
X_Ambassadors,Renegades,195200,hiphop-rock-pop,0.526
R._City,Locked_Away,227480,pop,0.509
Kygo,Stole_the_Show,223186,pop-Dance/Electronic,0.64
Tame_Impala,The_Less_I_Know_The_Better,216320,metal,0.64
Selena_Gomez,Good_For_You,221560,pop,0.6
Fetty_Wap,My_Way,213053,hiphop-pop,0.748
Hozier,Take_Me_To_Church,241688,Folk/Acoustic-pop,0.566
Taylor_Swift,Style,231000,pop,0.588
Alessia_Cara,Here,199453,pop-R&B,0.379
Sam_Smith,Writing's_On_The_Wall,278987,pop,0.261
David_Guetta,Bang_My_Head,193333,hiphop-pop-Dance/Electronic,0.599
Meek_Mill,All_Eyes_on_You,223973,hiphop-pop,0.589
Big_Sean,I_Don't_Fuck_With_You,284386,hiphop-pop,0.824
Kygo,Firestone,271640,pop-Dance/Electronic,0.704
Drake,Jumpman,205879,hiphop-pop-R&B,0.853
Petit_Biscuit,Sunset_Lover,237792,Dance/Electronic,0.783
Shawn_Mendes,Stitches,206880,pop,0.746
Flo_Rida,I_Don't_Like_It_I_Love_It,224258,hiphop-pop,0.854
Selena_Gomez,The_Heart_Wants_What_It_Wants,227373,pop,0.616
Jack_U,Where_Are_U_Now,250285,pop-Dance/Electronic,0.432
Ellie_Goulding,On_My_Mind,213445,pop-rock-Dance/Electronic,0.699
Bryson_Tiller,Don't,198293,hiphop-pop-R&B,0.765
Rich_Homie_Quan,Flex,176674,hiphop-pop,0.676
Joel_Adams,Please_Don't_Go,210580,R&B,0.513
Zedd,I_Want_You_To_Know,238800,hiphop-pop-Dance/Electronic,0.561
Jonas_Blue,Fast_Car,212424,pop-Dance/Electronic,0.644
BARNS,Electric_Love,218173,rock-pop,0.373
Sigala,Easy_Love,229813,pop-Dance/Electronic,0.68
Justin_Bieber,Sorry,200786,pop,0.654
Ariana_Grande,One_Last_Time,197266,pop,0.628
Little_Mix,Black_Magic,211773,pop,0.777
One_Direction,Perfect,230333,pop,0.647
Years_&_Years,Shine,255506,pop-Dance/Electronic,0.667
Meghan_Trainor,Lips_Are_Movin,182666,pop,0.775
Nicky_Jam,El_Perdon,206666,latin,0.736
The_Weeknd,Starboy,230453,pop-R&B,0.681
Drake,One_Dance,173986,hiphop-pop-R&B,0.792
Justin_Bieber,Love_Yourself,233720,pop,0.609
The_Chainsmokers,Closer,244960,pop-Dance/Electronic,0.748
Adele,Hello,295502,pop-R&B,0.471
Desiigner,Panda,246761,hiphop-pop,0.576
Burak_Yeter,Tuesday,241874,Dance/Electronic,0.841
Sia,Cheap_Thrills,224813,pop,0.592
OneRepublic,Wherever_I_Go,169773,pop,0.552
Rihanna,Work,219320,hiphop-pop-R&B,0.725
Coldplay,Hymn_for_the_Weekend,258266,rock-pop,0.491
Justin_Bieber,Sorry,200786,pop,0.654
Justin_Timberlake,CAN'T_STOP_THE_FEELING!,236001,pop,0.666
WILLOW,Wait_a_Minute!,196520,pop-R&B-Dance/Electronic,0.764
Desiigner,Tiimmy_Turner,239853,hiphop-pop,0.603
G,Me_Myself_&_I,251466,hiphop-pop,0.756
David_Guetta,This_One's_for_You,207272,hiphop-pop-Dance/Electronic,0.367
Astrid_S,Hurts_So_Good,208728,rock-pop-Dance/Electronic,0.672
Lil_Wayne,Sucker_for_Pain,243490,hiphop-pop,0.502
Twenty_One_Pilots,Heathens,195920,rock,0.732
Future,Low_Life,313546,hiphop-pop,0.722
Galantis,No_Money,189126,pop-Dance/Electronic,0.671
The_Chainsmokers,Don't_Let_Me_Down,208373,pop-Dance/Electronic,0.532
Tinie_Tempah,Girls_Like,196000,hiphop-pop-Dance/Electronic,0.916
Alok,Hear_Me_Now,192846,pop-Dance/Electronic,0.788
Jon_Bellion,All_Time_Low,217603,hiphop-pop,0.617
Cheat_Codes,Sex,228361,pop-Dance/Electronic,0.51
Meghan_Trainor,NO,213506,pop,0.557
Dua_Lipa,Hotter_Than_Hell,187957,pop,0.532
Martin_Garrix,In_the_Name_of_Love,195706,pop-Dance/Electronic,0.501
Alan_Walker,Faded,212106,Dance/Electronic,0.468
Tove_Lo,Cool_Girl,197815,pop-Dance/Electronic,0.674
DJ_Snake,Let_Me_Love_You,205946,hiphop-pop-Dance/Electronic,0.649
Calvin_Harris,This_Is_What_You_Came_For,222160,hiphop-pop-Dance/Electronic,0.631
Mike_Posner,I_Took_A_Pill_In_Ibiza,197933,hiphop-pop-Dance/Electronic,0.664
Kevin_Gates,2_Phones,240000,hiphop-pop,0.895
Rihanna,Needed_Me,191600,hiphop-pop-R&B,0.671
Ariana_Grande,Side_To_Side,226160,pop,0.648
Marshmello,Alone,273802,pop-Dance/Electronic,0.631
Shawn_Mendes,I_Know_What_You_Did_Last_Summer,223853,pop,0.687
Selena_Gomez,Same_Old_Love,229080,pop,0.672
Calvin_Harris,My_Way,219159,hiphop-pop-Dance/Electronic,0.818
Fitz_and_The_Tantrums,HandClap,193253,pop-rock,0.636
Twenty_One_Pilots,Ride,214506,rock,0.645
Flo_Rida,My_House,192190,hiphop-pop,0.688
Ariana_Grande,Dangerous_Woman,235946,pop,0.677
Anne,Alarm,205593,pop-Dance/Electronic,0.756
Charlie_Puth,We_Don't_Talk_Anymore,217706,pop,0.728
AlunaGeorge,I'm_In_Control,209425,pop-Dance/Electronic,0.734
Enrique_Iglesias,DUELE_EL_CORAZON,199693,pop-latin,0.716
MNEK,Never_Forget_You,213427,Dance/Electronic,0.583
Mike_Perry,The_Ocean,183414,pop-Dance/Electronic,0.632
Drake,Hotline_Bling,267066,hiphop-pop-R&B,0.903
Ariana_Grande,Into_You,244453,pop,0.623
Shawn_Mendes,Treat_You_Better,187973,pop,0.444
Tory_Lanez,Say_It,237786,hiphop-pop-R&B,0.546
Coldplay,Adventure_of_a_Lifetime,263786,rock-pop,0.638
Kungs,This_Girl,195561,pop-Dance/Electronic,0.79
SAYGRACE,You_Don't_Own_Me,201493,pop-R&B,0.332
X_Ambassadors,Renegades,195200,hiphop-rock-pop,0.526
DNCE,Cake_By_The_Ocean,219146,pop,0.774
99_Souls,The_Girl_Is_Mine,216613,Dance/Electronic,0.683
Illy,Papercuts,255889,hiphop-pop-Dance/Electronic,0.369
Kiiara,Gold,225882,rock-pop-Dance/Electronic,0.6
Kygo,Stole_the_Show,222813,pop-Dance/Electronic,0.678
Fifth_Harmony,Work_from_Home,214480,pop,0.803
Drake,Pop_Style,212946,hiphop-pop-R&B,0.713
ZAYN,PILLOWTALK,203686,pop-Dance/Electronic,0.588
Alessia_Cara,Here,199453,pop-R&B,0.376
DJ_Snake,Middle,220573,hiphop-pop-Dance/Electronic,0.611
Sigala,Sweet_Lovin',202149,pop-Dance/Electronic,0.683
Drake,Jumpman,205879,hiphop-pop-R&B,0.852
Charlie_Puth,Dangerously,199133,pop,0.696
Nick_Jonas,Close,234213,pop,0.654
Jonas_Blue,Perfect_Strangers,196613,pop-Dance/Electronic,0.742
Major_Lazer,Cold_Water,185351,hiphop-pop-Dance/Electronic,0.608
The_Chainsmokers,Roses,226738,pop-Dance/Electronic,0.713
Tory_Lanez,LUV,228640,hiphop-pop-R&B,0.688
P!nk,Just_Like_Fire,215413,pop,0.632
Bryson_Tiller,Don't,198293,hiphop-pop-R&B,0.765
Steve_Aoki,Just_Hold_On,198774,hiphop-pop-Dance/Electronic,0.647
Clean_Bandit,Tears,225914,pop-Dance/Electronic,0.605
Jonas_Blue,Fast_Car,212424,pop-Dance/Electronic,0.459
Flume,Never_Be_Like_You,233337,Dance/Electronic,0.443
Bastille,Good_Grief,206493,pop-rock,0.73
Sia,The_Greatest,210226,pop,0.668
PARTYNEXTDOOR,Not_Nice,202661,hiphop-pop-R&B,0.598
Garrett_Nash,i_hate_u_i_love_u,251033,hiphop-pop,0.492
Hilltop_Hoods,1955,239280,hiphop-pop,0.766
Fifth_Harmony,All_In_My_Head,210573,pop,0.689
Daya,Sit_Still_Look_Pretty,202221,rock-pop-Dance/Electronic,0.657
Kent_Jones,Don't_Mind,198236,hiphop,0.464
Flume,Say_It,262521,Dance/Electronic,0.581
Bryson_Tiller,Exchange,194613,hiphop-pop-R&B,0.525
Mo,Final_Song,235826,pop-Dance/Electronic,0.695
Beyonce,Sorry,232560,pop-R&B,0.775
Little_Mix,Shout_Out_to_My_Ex,246240,pop,0.773
The_Lumineers,Ophelia,160097,pop-Folk/Acoustic,0.664
Frank_Ocean,Pink_+_White,184516,hiphop-pop-R&B,0.544
Drake,Too_Good,263373,hiphop-pop-R&B,0.794
Ed_Sheeran,Shape_of_You,233712,pop,0.825
Sean_Paul,No_Lie,221176,hiphop-pop,0.742
Luis_Fonsi,Despacito,228200,pop-latin,0.66
Sam_Smith,Too_Good_At_Goodbyes,201000,pop,0.681
Clean_Bandit,Rockabye,251088,pop-Dance/Electronic,0.72
Camila_Cabello,Havana,216896,pop,0.768
Imagine_Dragons,Thunder,187146,rock,0.6
Maroon_5,Don't_Wanna_Know,214265,pop,0.783
The_Chainsmokers,Something_Just_Like_This,247160,pop-Dance/Electronic,0.617
Ed_Sheeran,Perfect,263400,pop,0.599
MGMT,Little_Dark_Age,299960,rock,0.705
Travis_Scott,goosebumps,243836,hiphop-Dance/Electronic,0.841
Billie_Eilish,Bored,180933,pop-Dance/Electronic,0.614
Future,Mask_Off,204600,hiphop-pop,0.833
G,Him_&_I,268866,hiphop-pop,0.589
Maroon_5,Cold,234308,pop,0.697
Rae_Sremmurd,Swang,208120,hiphop-pop,0.681
Lil_Peep,Save_That_Shit,231546,hiphop,0.534
A$AP_Ferg,Plain_Jane,173600,hiphop-pop,0.797
French_Montana,Unforgettable,233901,hiphop-pop,0.726
21_Savage,Bank_Account,220306,hiphop,0.884
Axwell_/\_Ingrosso,More_Than_You_Know,203000,pop-Dance/Electronic,0.645
ZAYN,Dusk_Till_Dawn,239000,pop-Dance/Electronic,0.259
J_Balvin,Mi_Gente,189029,latin,0.548
Jax_Jones,You_Don't_Know_Me,213946,hiphop-pop-Dance/Electronic,0.876
Rae_Sremmurd,Black_Beatles,291893,hiphop-pop,0.794
Zara_Larsson,Ain't_My_Fault,224030,pop-Dance/Electronic,0.576
Travis_Scott,BUTTERFLY_EFFECT,190677,hiphop-Dance/Electronic,0.763
Ayo_&_Teo,Rolex,238586,hiphop-pop,0.804
Lil_Uzi_Vert,XO_Tour_Llif3,182706,hiphop,0.732
Imagine_Dragons,Whatever_It_Takes,201240,rock,0.672
Rob_$tone,Chill_Bill,177184,hiphop,0.886
Jason_Derulo,Swalla,216408,hiphop-pop,0.696
G,No_Limit,245386,hiphop-pop,0.838
Playboi_Carti,Magnolia,181812,hiphop,0.791
Chord_Overstreet,Hold_On,198853,pop-Folk/Acoustic,0.618
Jax_Jones,Breathe,207629,hiphop-pop-Dance/Electronic,0.722
Imagine_Dragons,Believer,204346,rock,0.779
Natti_Natasha,Criminal,232549,pop-latin,0.814
Kendrick_Lamar,HUMBLE.,177000,hiphop,0.906
Selena_Gomez,Fetish,186112,pop,0.708
Charlie_Puth,Attention,211475,pop,0.774
Big_Shaq,Man's_Not_Hot,186026,pop-Dance/Electronic,0.905
Anne,Ciao_Adios,200104,pop-Dance/Electronic,0.698
Rag'n'Bone_Man,Human,200186,R&B,0.602
blackbear,do_re_mi,212027,hiphop-pop-Dance/Electronic,0.745
Lil_Pump,Gucci_Gang,124055,hiphop,0.936
Taylor_Swift,Look_What_You_Made_Me_Do,211853,pop,0.766
Enrique_Iglesias,SUBEME_LA_RADIO,207680,pop-latin,0.688
Kodak_Black,Tunnel_Vision,268186,hiphop,0.497
Kendrick_Lamar,DNA.,185946,hiphop,0.636
A_Boogie_Wit_da_Hoodie,Drowning,209269,hiphop,0.839
XXXTENTACION,Jocelyn_Flores,119133,hiphop,0.872
Migos,Bad_and_Boujee,343150,hiphop-pop,0.926
Yo_Gotti,Rake_It_Up,276333,hiphop-pop,0.91
Martin_Garrix,Scared_to_Be_Lonely,220883,pop-Dance/Electronic,0.584
Jonas_Blue,Mama,181614,pop-Dance/Electronic,0.739
Martin_Jensen,Solo_Dance,174933,pop-Dance/Electronic,0.744
Taylor_Swift,...Ready_For_It?,208186,pop,0.613
David_Guetta,2U,194896,hiphop-pop-Dance/Electronic,0.548
Migos,Slippery,304041,hiphop-pop,0.92
Shawn_Mendes,There's_Nothing_Holdin'_Me_Back,199440,pop,0.857
G,Good_Life,225520,hiphop-pop,0.572
The_Vamps,All_Night,197640,pop,0.538
Dua_Lipa,New_Rules,212000,pop,0.763
Cardi_B,Bodak_Yellow,223962,hiphop-pop,0.929
Rag'n'Bone_Man,Skin,239626,R&B,0.564
Zara_Larsson,I_Would_Like,226720,pop-Dance/Electronic,0.486
DJ_Khaled,Wild_Thoughts,204173,hiphop-pop,0.671
Post_Malone,Congratulations,220293,hiphop,0.63
Avicii,Without_You,181672,pop-Dance/Electronic,0.662
Clean_Bandit,Symphony,214866,pop-Dance/Electronic,0.718
Katy_Perry,Chained_To_The_Rhythm,237733,pop,0.562
Zay_Hilfigerrr,Juju_on_That_Beat,144244,pop,0.807
Calvin_Harris,Feels,223413,hiphop-pop-Dance/Electronic,0.893
Migos,T,242407,hiphop-pop,0.865
OneRepublic,Rich_Love,201256,pop,0.401
Maggie_Lindemann,Pretty_Girl,193613,rock-pop,0.703
Macklemore,Glorious,220454,hiphop-pop,0.731
Hayden_James,NUMB,217296,pop-Dance/Electronic,0.617
Liam_Payne,Strip_That_Down,204502,pop,0.869
Drake,Passionfruit,298940,hiphop-pop-R&B,0.809
Justin_Bieber,Friends,189466,pop,0.744
ZAYN,I_Dont_Wanna_Live_Forever,245200,pop-Dance/Electronic,0.735
Alessia_Cara,Scars_To_Your_Beautiful,230226,pop-R&B,0.319
2_Chainz,It's_A_Vibe,210200,hiphop-pop,0.822
Starley,Call_on_Me,222040,pop-Dance/Electronic,0.67
AJR,Weak,201160,rock,0.673
Lana_Del_Rey,Lust_for_Life,264011,pop,0.499
CNCO,Reggaeton_Lento,188786,pop-latin,0.623
The_Vamps,Middle_Of_The_Night,174600,pop,0.588
The_Weeknd,I_Feel_It_Coming,269186,pop-R&B,0.773
The_Chainsmokers,Paris,221506,pop-Dance/Electronic,0.653
Big_Sean,Bounce_Back,222360,hiphop-pop,0.78
Shawn_Mendes,Mercy,208733,pop,0.561
Avicii,Lonely_Together,181812,pop-Dance/Electronic,0.655
Cheat_Codes,No_Promises,223503,pop-Dance/Electronic,0.741
Bruno_Mars,24K_Magic,225983,pop,0.818
Lorde,Homemade_Dynamite,214254,pop-Dance/Electronic,0.781
Kygo,It_Ain't_Me,220780,pop-Dance/Electronic,0.64
Drake,God's_Plan,198973,hiphop-pop-R&B,0.754
Post_Malone,rockstar,218146,hiphop,0.585
Offset,Ric_Flair_Drip,172800,hiphop-pop,0.88
G,Him_&_I,268866,hiphop-pop,0.589
Dynoro,In_My_Mind,184560,pop-Dance/Electronic,0.694
Juice_WRLD,Lucid_Dreams,239835,hiphop,0.511
Zedd,The_Middle,184732,hiphop-pop-Dance/Electronic,0.753
Marshmello,FRIENDS,202620,pop-Dance/Electronic,0.626
Cardi_B,I_Like_It,253390,hiphop-pop,0.816
XXXTENTACION,Moonlight,135090,hiphop,0.921
Ariana_Grande,no_tears_left_to_cry,205920,pop,0.699
Sheck_Wes,Mo_Bamba,183906,hiphop,0.729
Calvin_Harris,One_Kiss,214846,hiphop-pop-Dance/Electronic,0.791
Tyga,Taste,232959,hiphop-pop,0.884
Travis_Scott,SICKO_MODE,312820,hiphop-Dance/Electronic,0.834
Imagine_Dragons,Natural,189466,rock,0.704
DJ_Snake,Taki_Taki,212500,hiphop-pop-Dance/Electronic,0.842
Marshmello,Spotlight,177600,pop-Dance/Electronic,0.546
The_Weeknd,Pray_For_Me,211440,pop-R&B,0.735
Billie_Eilish,lovely,200185,pop-Dance/Electronic,0.351
Migos,Walk_It_Talk_It,276147,hiphop-pop,0.907
Clean_Bandit,Solo,222653,pop-Dance/Electronic,0.737
Drake,Nonstop,238614,hiphop-pop-R&B,0.912
6ix9ine,FEFE,179404,hiphop,0.931
The_Weeknd,Call_Out_My_Name,228373,pop-R&B,0.461
Nio_Garcia,Te_Bote,417920,latin,0.903
Migos,MotorSport,303076,hiphop-pop,0.904
Nicky_Jam,X,172854,latin,0.594
XXXTENTACION,SAD!,166605,hiphop,0.74
Becky_G,Sin_Pijama,188560,pop-latin,0.791
Machine_Gun_Kelly,Home,202804,hiphop-pop,0.653
6ix9ine,GUMMO,157643,hiphop,0.66
Jax_Jones,Breathe,207629,hiphop-pop-Dance/Electronic,0.722
The_Chainsmokers,Sick_Boy,193200,pop-Dance/Electronic,0.663
Jay_Rock,King's_Dead,229670,hiphop-pop,0.645
Rich_The_Kid,Plug_Walk,175229,hiphop-pop,0.876
Kendrick_Lamar,All_The_Stars,232186,hiphop,0.698
Logic,Everyday,204746,hiphop-pop,0.667
Jason_Derulo,Tip_Toe,187521,hiphop-pop,0.845
Ariana_Grande,God_is_a_woman,197546,pop,0.602
Rae_Sremmurd,Powerglide,332300,hiphop-pop,0.713
EO,German,170825,pop,0.862
Dennis_Lloyd,Nevermind,156600,pop,0.6
girl_in_red,we_fell_in_love_in_october,184153,pop-rock-Dance/Electronic,0.566
Selena_Gomez,Wolves,197993,pop,0.724
Tiesto,Jackie_Chan,215759,pop-Dance/Electronic,0.747
Tom_Walker,Leave_a_Light_On,185863,rock-pop,0.586
Sofia_Reyes,1_2_3,201526,pop-latin,0.792
Marshmello,Silence,180822,pop-Dance/Electronic,0.52
5_Seconds_of_Summer,Youngblood,203417,pop,0.596
Loud_Luxury,Body,163216,pop-Dance/Electronic,0.752
Liam_Payne,For_You,245453,pop,0.541
NF,Let_You_Down,212120,hiphop-pop,0.662
XXXTENTACION,changes,121886,hiphop,0.669
Maluma,Corazon,184720,latin,0.722
Cardi_B,Bodak_Yellow,223712,hiphop-pop,0.926
Lil_Baby,Yes_Indeed,142273,hiphop,0.963
Jonas_Blue,Rise,194407,pop-Dance/Electronic,0.687
David_Guetta,Flames,194680,hiphop-pop-Dance/Electronic,0.631
Ozuna,Vaina_Loca,176133,latin,0.754
Charlie_Puth,How_Long,200853,pop,0.845
Post_Malone,Better_Now,231266,hiphop,0.68
BlocBoy_JB,Look_Alive,181263,hiphop-pop,0.922
Eminem,River,221013,hiphop,0.748
Marshmello,Happier,214289,pop-Dance/Electronic,0.687
Dean_Lewis,Be_Alright,196373,pop,0.553
Charlie_Puth,Done_for_Me,180493,pop,0.856
Migos,Stir_Fry,190288,hiphop-pop,0.817
YG,BIG_BANK,237240,hiphop-pop,0.745
Drake,In_My_Feelings,217925,hiphop-pop-R&B,0.835
B_Young,Jumanji,173153,hiphop-Dance/Electronic,0.791
Charlie_Puth,The_Way_I_Am,186080,pop,0.755
Reik,Me_Niego,221653,pop-latin,0.777
benny_blanco,Eastside,173799,hiphop-pop,0.56
Luis_Fonsi,Echame_la_culpa,173720,pop-latin,0.733
MK,17,196489,pop-Dance/Electronic,0.703
Rita_Ora,Anywhere,215064,hiphop-pop-Dance/Electronic,0.628
Banx_&_Ranx,Answerphone,190920,Dance/Electronic,0.671
Ella_Mai,Trip,213993,hiphop-pop-R&B,0.477
Daddy_Yankee,Dura,200480,latin,0.783
DJ_Khaled,No_Brainer,260000,hiphop-pop,0.552
Anne,2002,186986,pop-Dance/Electronic,0.697
Bruno_Mars,Finesse,217288,pop,0.704
FINNEAS,Let's_Fall_in_Love_for_the_Night,190348,rock-pop-Dance/Electronic,0.737
Hugh_Jackman,The_Greatest_Show,302146,easy_listening,0.417
Halsey,Bad_At_Love,181279,pop-Dance/Electronic,0.675
Drake,I'm_Upset,214466,hiphop-pop-R&B,0.899
Camila_Cabello,Never_Be_the_Same,226973,pop,0.637
M.O,Bad_Vibe,214253,pop-Dance/Electronic,0.813
Dua_Lipa,IDGAF,217946,pop,0.836
Cashmere_Cat,Miss_You,186231,pop-rock,0.747
Bazzi,Mine,131064,pop-Dance/Electronic,0.71
Lil_Dicky,Freaky_Friday,216631,hiphop-pop,0.755
Lauv,I_Like_Me_Better,197436,pop-Dance/Electronic,0.752
The_Chainsmokers,This_Feeling,197946,pop-Dance/Electronic,0.575
Maroon_5,Girls_Like_You,235545,pop,0.851
Khalid,Love_Lies,201707,pop-R&B,0.708
Drake,Nice_For_What,210746,hiphop-pop-R&B,0.585
Kendrick_Lamar,LOVE._FEAT._ZACARI.,213400,hiphop,0.8
Post_Malone,Psycho,221440,hiphop,0.75
Lil_Nas_X,Old_Town_Road,157066,hiphop-pop,0.878
Billie_Eilish,bad_guy,194087,pop-Dance/Electronic,0.701
Shawn_Mendes,Senorita,190799,pop,0.759
Ariana_Grande,7_rings,178626,pop,0.778
Post_Malone,Sunflower,157560,hiphop,0.755
Gesaffelstein,Lost_in_the_Fire,202093,Dance/Electronic,0.658
Halsey,Without_Me,201660,pop-Dance/Electronic,0.752
Regard,Ride_It,157605,pop-Dance/Electronic,0.88
Lady_Gaga,Shallow,215733,pop,0.572
Mark_Ronson,Nothing_Breaks_Like_a_Heart,217466,pop,0.601
Lewis_Capaldi,Someone_You_Loved,182160,pop,0.501
Jax_Jones,All_Day_And_Night,169303,hiphop-pop-Dance/Electronic,0.585
Mustard,Pure_Water,192470,hiphop-pop,0.682
NLE_Choppa,Shotta_Flow,176631,hiphop,0.894
Kodak_Black,ZEZE,228759,hiphop,0.861
Daddy_Yankee,Con_Calma,193226,latin,0.737
Alec_Benjamin,Let_Me_Down_Slowly,169353,rock-pop-Dance/Electronic,0.652
BLACKPINK,Kill_This_Love,189052,pop,0.738
Offset,Clout,205803,hiphop-pop,0.919
MEDUZA,Piece_Of_Your_Heart,152913,pop-Dance/Electronic,0.677
Ed_Sheeran,Antisocial,161746,pop,0.716
Travis_Scott,SICKO_MODE,312820,hiphop-Dance/Electronic,0.834
Mabel,Mad_Love,169813,pop-Dance/Electronic,0.631
Lana_Del_Rey,Doin'_Time,202192,pop,0.641
DJ_Snake,Taki_Taki,212500,hiphop-pop-Dance/Electronic,0.842
A_Boogie_Wit_da_Hoodie,Look_Back_at_It,179449,hiphop,0.791
Saweetie,My_Type,126446,hiphop-pop-R&B,0.899
Lil_Tecca,Ransom,131240,hiphop,0.745
Russ_Millions,Keisha_&_Becky,252906,pop,0.863
Billie_Eilish,lovely,200185,pop-Dance/Electronic,0.351
Mabel,Don't_Call_Me_Up,178480,pop-Dance/Electronic,0.674
Lil_Nas_X,Old_Town_Road,113000,hiphop-pop,0.907
Meek_Mill,Going_Bad,180522,hiphop-pop,0.889
Post_Malone,Wow.,149546,hiphop,0.829
Doja_Cat,Juicy,202333,pop,0.786
A_Boogie_Wit_da_Hoodie,Swervin,189486,hiphop,0.581
iann_dior,emotions,131213,hiphop-pop,0.63
Paulo_Londra,Adan_y_Eva,256971,hiphop-latin-Dance/Electronic,0.767
Drake,Money_In_The_Grave,205426,hiphop-pop-R&B,0.831
Lil_Nas_X,Panini,114893,hiphop-pop,0.703
Bad_Bunny,MIA,210367,latin,0.817
Polo_G,Pop_Out,166560,hiphop,0.772
Juice_WRLD,Robbery,240050,hiphop,0.685
21_Savage,a_lot,288624,hiphop,0.837
Young_Thug,The_London,200106,hiphop-pop,0.796
Anuel_AA,China,301714,latin,0.786
Camila_Cabello,Liar,207038,pop,0.74
Flipp_Dinero,Leave_Me_Alone,195637,hiphop-pop,0.792
Cardi_B,Money,183527,hiphop-pop,0.95
Ariana_Grande,break_up_with_your_girlfriend_i'm_bored,190440,pop,0.726
Dave,Location,241293,hiphop,0.812
Ava_Max,Sweet_but_Psycho,187436,pop,0.719
Dua_Lipa,Don't_Start_Now,183290,pop,0.794
Young_T_&_Bugsey,Strike_a_Pose,214203,hiphop,0.531
Calvin_Harris,Giant,229184,hiphop-pop-Dance/Electronic,0.807
Ed_Sheeran,Take_Me_Back_to_London,189733,pop,0.885
Cardi_B,Please_Me,200889,hiphop-pop,0.747
Stormzy,Vossi_Bop,196266,hiphop-Dance/Electronic,0.682
Tones_And_I,Dance_Monkey,209438,pop,0.824
Ariana_Grande,boyfriend,186106,pop,0.4
Bad_Bunny,Callaita,250533,latin,0.61
Ava_Max,So_Am_I,183026,pop,0.682
Pedro_Capo,Calma,238200,pop-latin,0.826
J._Cole,MIDDLE_CHILD,213593,hiphop,0.837
Lunay,Soltera,266086,pop-latin,0.795
Khalid,Better,229412,pop-R&B,0.442
Blueface,Thotiana,129264,hiphop,0.906
DaBaby,Suge,163320,hiphop,0.876
AJ_Tracey,Ladbroke_Grove,190537,hiphop-Dance/Electronic,0.903
Billie_Eilish,bury_a_friend,193143,pop-Dance/Electronic,0.905
BTS,Boy_With_Luv,229773,pop,0.645
Wiley,Boasty,177185,hiphop-Dance/Electronic,0.887
Jonas_Brothers,Only_Human,183000,pop,0.795
5_Seconds_of_Summer,Easier,157492,pop,0.505
Avicii,SOS,157202,pop-Dance/Electronic,0.802
Tyler_The_Creator,EARFQUAKE,190066,hiphop,0.554
Ashley_O,On_A_Roll,154447,pop,0.736
Dominic_Fike,3_Nights,177666,rock-pop,0.815
Sigala,Wish_You_Well,205653,pop-Dance/Electronic,0.669
Megan_Thee_Stallion,Hot_Girl_Summer,199427,hiphop-pop-R&B,0.872
Anuel_AA,Secreto,258800,latin,0.807
Sam_Feldt,Post_Malone,174444,pop-Dance/Electronic,0.59
Kehlani,Nights_Like_This,201787,hiphop-pop-R&B,0.61
Sech,Otro_Trago,225933,latin,0.746
Post_Malone,Better_Now,231266,hiphop,0.68
Ed_Sheeran,Cross_Me,206186,pop,0.746
Lauv,i'm_so_tired...,162582,pop-Dance/Electronic,0.599
iann_dior,gone_girl,136568,hiphop-pop,0.677
Panic!_At_The_Disco,High_Hopes,190946,rock,0.579
Marshmello,One_Thing_Right,181823,pop-Dance/Electronic,0.659
Sam_Smith,How_Do_You_Sleep?,202204,pop,0.477
NSG,Options,240081,World/Traditional-hiphop,0.836
Normani,Motivation,193837,pop-R&B,0.599
Joel_Corry,Sorry,188640,pop-Dance/Electronic,0.744
Post_Malone,Goodbyes,174960,hiphop,0.58
Jonas_Brothers,Sucker,181026,pop,0.842
Taylor_Swift,Cruel_Summer,178426,pop,0.552
Blanco_Brown,The_Git_Up,200593,hiphop-country,0.847
Sam_Smith,Dancing_With_A_Stranger,171029,pop,0.741
Post_Malone,Circles,215280,hiphop,0.695