51642949,Miranda/Alfonso
61061535,Solis/Maria
54815159,Patino/Delicia
15290194,Hernandez/Guillermo
35347567,Sedano/Elia
52313890,Rivero/Wilver
93282118,Zambrano/Ofelia
43704548,Vizcardo/Maribel
20371464,Lozada/Heli
93939698,Henriquez/Silvana
86988155,Cerna/Cinthia
34697743,Ayala/Ericka
32538825,Hijar/Martin
22598563,Sueldo/Adria
37282858,Soma/Lourdes
95656771,Raffo/Rolando
57182371,Moscoso/Fiorella
93231760,Zarate/Alexander
68269451,Asmad/Adria
36471787,Pena/Glenda
45914393,Lozada/Antonio
53420926,Prado/Juan
14956687,Luna/Waldemar
81647285,Vega/Henrry
31284904,Sakaguchi/Carlos
13731806,Salamanca/Virginia
62126128,Durand/Enrique
93961840,Pairazaman/Tatiana
35852072,Jauregui/Victor
63640178,Rodriguez/Blanca
35606314,Mercado/Elia
54149342,Leyva/Diana
65912822,Camacho/Ydali
99891737,Contreras/Johana
62287143,Wong/Beatriz
68114999,Rios/Ines
12484697,Diaz/Enrique
51465986,Sam/Ines
58643376,Arroyo/Natalia
17299012,Suarez/Amaru
71422479,Lozada/Felicita
22679759,Bravo/Janet
59561864,Rosemberg/Julio
77324146,Moscoso/Janet
80694546,Ramirez/Karina
72973662,Vargas/Daniel
27709566,Ortiz/Raul
30246960,Escalante/Ines
85395219,Fuentes/Patricia
72330000,Vega/Carmela
36934113,Serrano/Arturo
45201670,Guevara/Milena
66091742,Baca/Milagros
77440060,Escalante/Emigdio
81539774,Alfaro/Erick
94683380,Farfan/Margot
51873364,Calixto/Erick
90367684,Sinche/Yvonne
91187814,Narvaez/Jesus
59596317,Justino/Virginia
49357767,Solis/Rolando
41964357,Arca/Magali
75100362,Arca/Lucero
66039166,Chavez/Johan
92275859,Egusquiza/Doris
34571095,Infantes/Luis
28992638,Trigueros/Luz
