Sisqo,Thong_Song,253733,0.706
Eminem,The_Real_Slim_Shady,284200,0.949
Robbie_Williams,Rock_DJ,258560,0.708
Destiny's_Child,Say_My_Name,271333,0.713
Modjo,Lady,307153,0.72
Gigi_D'Agostino,L'Amour_Toujours,238759,0.617
Eiffel_65,Move_Your_Body,268863,0.745
Bomfunk_MC's,Freestyler,306333,0.822
Sting,Desert_Rose,285960,0.586
Melanie_C,Never_Be_The_Same_Again,294200,0.689
Aaliyah,Try_Again,284000,0.797
Anastacia,I'm_Outta_Love,245400,0.761
Alice_Deejay,Better_Off_Alone,214883,0.671
Gigi_D'Agostino,The_Riddle,285426,0.74
Dr._Dre,The_Next_Episode,161506,0.922
Linkin_Park,In_the_End,216880,0.556
Tom_Jones,Sexbomb,211893,0.801
Sonique,It_Feels_So_Good,240866,0.634
M.O.P.,Cold_as_Ice,244466,0.656
Melanie_C,I_Turn_To_You,352173,0.522
Limp_Bizkit,Take_A_Look_Around,321040,0.425
Darude,Sandstorm,225493,0.528
Da_Brat,What'chu_Like,221160,0.879
Moloko,The_Time_Is_Now,318280,0.682
Chicane,Don't_Give_Up,210786,0.644
DMX,Party_Up,268866,0.51
Debelah_Morgan,Dance_with_Me,220106,0.85
Britney_Spears,Oops!...I_Did_It_Again,211160,0.751
blink_182,All_The_Small_Things,167066,0.434
Faith_Hill,Breathe,250546,0.529
Bon_Jovi,It's_My_Life,224493,0.551
*NSYNC,Bye_Bye_Bye,200560,0.614
Madonna,Music,225973,0.736
Ruff_Endz,No_More,242560,0.839
Britney_Spears,Born_to_Make_You_Happy,243533,0.633
Montell_Jordan,Get_It_On_Tonite,276266,0.813
Kylie_Minogue,Spinning_Around,207866,0.761
JAY,Big_Pimpin',283066,0.88
LeAnn_Rimes,I_Need_You,229826,0.478
Avant,Separated,255600,0.798
Enrique_Iglesias,Be_With_You,219360,0.683
Toni_Braxton,He_Wasn't_Man_Enough,261933,0.739
Bow_Wow,Bounce_With_Me,175893,0.852
Dr._Dre,Forgot_About_Dre,222293,0.924
Missy_Elliott,Hot_Boyz,215466,0.727
Backstreet_Boys,Show_Me_the_Meaning_of_Being_Lonely,234960,0.63
Samantha_Mumba,Gotta_Tell_You,201946,0.729
Mya,Case_Of_The_Ex,236906,0.772
Mary_Mary,Shackles,198346,0.779
Next,Wifey,243666,0.829
Janet_Jackson,Doesn't_Really_Matter,265026,0.771
Ricky_Martin,She_Bangs,280626,0.63
Jagged_Edge,He_Can't_Love_U,244053,0.721
Sisqo,Incomplete,274226,0.746
JAY,I_Just_Wanna_Love_U,227866,0.8
Mariah_Carey,Thank_God_I_Found_You,257360,0.348
Baha_Men,Who_Let_The_Dogs_Out,198400,0.869
Donell_Jones,U_Know_What's_Up,243733,0.854
LeAnn_Rimes,Can't_Fight_The_Moonlight,215506,0.628
Oasis,Go_Let_It_Out,278666,0.408
DJ_Atzi,Hey_Baby,219240,0.666
P!nk,Most_Girls,298960,0.742
Mariah_Carey,Against_All_Odds,199480,0.471
Craig_David,Fill_Me_In,257200,0.682
Christina_Aguilera,I_Turn_to_You,273706,0.599
Madonna,American_Pie,273533,0.631
Red_Hot_Chili_Peppers,Otherside,255373,0.458
Sammie,I_Like_It,251040,0.826
Craig_David,7_Days,235133,0.659
Santana,Maria_Maria,261973,0.777
Kandi,Don't_Think_I'm_Not,243533,0.859
P!nk,There_You_Go,202800,0.822
Vengaboys,Shalala_Lala,214819,0.751
Ronan_Keating,Life_Is_A_Rollercoaster,234826,0.655
Madison_Avenue,Don't_Call_Me_Baby,228140,0.808
Destiny's_Child,Jumpin,230200,0.771
Celine_Dion,That's_the_Way_It_Is,241373,0.634
3_Doors_Down,Kryptonite,233933,0.545
Carl_Thomas,I_Wish,226760,0.736
Mystikal,Shake_Ya_Ass,256973,0.914
Fuel,Hemorrhage,236866,0.313
Donell_Jones,Where_I_Wanna_Be,253626,0.664
Savage_Garden,Crash_and_Burn,281466,0.581
Westlife,My_Love,231760,0.491
All_Saints,Pure_Shores,268746,0.631
Destiny's_Child,Independent_Women,221133,0.73
*NSYNC,It's_Gonna_Be_Me,191040,0.644
Erykah_Badu,Bag_Lady,348893,0.724
Marc_Anthony,You_Sang_To_Me,347106,0.578
Matchbox_Twenty,Bent,256133,0.518
Gabrielle,Rise,219093,0.558
Backstreet_Boys,Shape_of_My_Heart,230093,0.575
Creed,With_Arms_Wide_Open,274800,0.41
The_Corrs,Breathless,207506,0.607
Joe,I_Wanna_Know,296693,0.725
Wheatus,Teenage_Dirtbag,241666,0.625
Christina_Aguilera,Come_on_over_Baby,203333,0.829
Creed,Higher,316733,0.459
Britney_Spears,Lucky,206226,0.765
Nelly,Country_Grammar,287000,0.865
Shaggy,It_Wasn't_Me,227600,0.853
Destiny's_Child,Survivor,254026,0.514
Eminem,Stan,404106,0.78
Kylie_Minogue,Can't_Get_You_out_of_My_Head,230640,0.766
Christina_Aguilera,Lady_Marmalade,264893,0.76
Nelly_Furtado,I'm_Like_A_Bird,243160,0.622
Shakira,Whenever_Wherever,196160,0.794
Jimmy_Eat_World,The_Middle,165853,0.643
Train,Drops_of_Jupiter,259933,0.481
Geri_Halliwell,It's_Raining_Men,254640,0.637
Blu_Cantrell,Hit_'Em_Up_Style,250706,0.667
Britney_Spears,I'm_a_Slave_4_U,203600,0.847
Kylie_Minogue,In_Your_Eyes,197826,0.689
Missy_Elliott,One_Minute_Man,252986,0.622
Mary_J._Blige,Family_Affair,265866,0.911
Faithless,We_Come_1,222435,0.645
Limp_Bizkit,Rollin',213760,0.603
Lasgo,Something,220973,0.643
iio,Rapture,253586,0.661
Emma_Bunton,What_Took_You_So_Long?,241000,0.668
112,It's_Over_Now,264933,0.66
Blue,All_Rise,223546,0.721
Jessica_Simpson,Irresistible,194026,0.657
Crazy_Town,Butterfly,216733,0.736
Michael_Jackson,You_Rock_My_World,337733,0.854
Eve,Let_Me_Blow_Ya_Mind,230133,0.908
Jennifer_Lopez,Ain't_It_Funny,246160,0.707
Brandy,Another_Day_in_Paradise,271626,0.7
Nickelback,How_You_Remind_Me,223840,0.446
Daft_Punk,One_More_Time,320357,0.613
Outkast,Ms._Jackson,270506,0.843
Fragma,Everytime_You_Need_Me,213346,0.682
Mariah_Carey,Loverboy,229173,0.721
Dido,Thank_You,218360,0.725
Joe,Stutter,213026,0.767
P.O.D.,Youth_of_the_Nation,256240,0.563
Jennifer_Lopez,Play,211493,0.775
Missy_Elliott,Get_Ur_Freak_On,211120,0.797
Ricky_Martin,Nobody_Wants_to_Be_Lonely,252706,0.635
Christina_Milian,AM_To_PM,231213,0.872
Roger_Sanchez,Another_Chance,452906,0.61
Gorillaz,Clint_Eastwood,340920,0.663
2Pac,Until_The_End_Of_Time,266506,0.757
Tamia,Stranger_in_My_House,285386,0.676
Mary_J._Blige,No_More_Drama,326240,0.653
Jennifer_Lopez,Love_Don't_Cost_a_Thing,221226,0.786
Jamiroquai,Little_L,295400,0.878
Case,Missing_You,284666,0.612
112,Peaches_&_Cream,193093,0.677
Five,Let's_Dance,218626,0.631
Rui_Da_Silva,Touch_Me,213133,0.464
Alien_Ant_Farm,Smooth_Criminal,209266,0.653
Erick_Sermon,Music,223133,0.897
D12,Purple_Pills,304506,0.78
Usher,Pop_Ya_Collar,210813,0.888
Madonna,Don't_Tell_Me,280973,0.699
Blue,If_You_Come_Back,207560,0.582
Atomic_Kitten,Eternal_Flame,195506,0.578
Jagged_Edge,Where_the_Party_At,232573,0.596
Afroman,Because_I_Got_High,197760,0.802
S_Club_7,Don't_Stop_Movin',233626,0.822
Craig_David,Fill_Me_In,257200,0.682
Nelly_Furtado,Turn_Off_The_Light,276106,0.587
The_Supermen_Lovers,Starlight,234400,0.739
Mis,All_I_Want,207400,0.795
Jagged_Edge,Promise,246720,0.751
S_Club_7,Have_You_Ever,201533,0.585
Enya,Only_Time,218546,0.418
Faith_Hill,There_You'll_Be,222120,0.321
Ronan_Keating,Lovin'_Each_Day,212973,0.541
Destiny's_Child,Bootylicious,207906,0.84
Steps,It's_the_Way_You_Make_Me_Feel,197360,0.573
Sunshine_Anderson,Heard_It_All_Before,295826,0.697
Lenny_Kravitz,Again,231666,0.55
Daniel_Bedingfield,Gotta_Get_Thru_This,162333,0.836
DB_Boulevard,Point_Of_View,231166,0.676
Janet_Jackson,All_For_You,329933,0.753
Atomic_Kitten,Whole_Again,185013,0.747
Ja_Rule,Livin'_It_Up,257066,0.874
Destiny's_Child,Independent_Women,221133,0.73
DJ_Pied_Piper,Do_You_Really_Like_It?,217120,0.847
Jennifer_Lopez,I'm_Real,262133,0.708
Musiq_Soulchild,Love,304666,0.569
So_Solid_Crew,21_Seconds,302826,0.607
Robbie_Williams,Eternity,302760,0.469
Basement_Jaxx,Romeo,217493,0.713
Ludacris,Southern_Hospitality,300933,0.623
Gabrielle,Rise,219093,0.558
Nelly,Ride_Wit_Me,291781,0.85
Trick_Daddy,I'm_a_Thug,254400,0.933
Travis,Sing,228800,0.33
JAY,Izzo,240626,0.618
Gabrielle,Out_Of_Reach,196986,0.51
OPM,Heaven_Is_a_Halfpipe,257426,0.743
K,Crazy,262773,0.68
Staind,It's_Been_Awhile,264706,0.509
3LW,No_More,263440,0.721
Ginuwine,Differences,265533,0.562
*NSYNC,Gone,292000,0.699
Lifehouse,Hanging_By_A_Moment,216360,0.537
Nelly,Dilemma,289160,0.727
Eminem,Without_Me,290320,0.908
Avril_Lavigne,Complicated,244506,0.585
Vanessa_Carlton,A_Thousand_Miles,237493,0.56
The_Calling,Wherever_You_Will_Go,208600,0.558
Shakira,Underneath_Your_Clothes,224066,0.616
No_Doubt,Underneath_It_All,302720,0.729
Truth_Hurts,Addictive,226440,0.701
Busta_Rhymes,I_Know_What_You_Want,324306,0.648
Eminem,'Till_I_Collapse,297786,0.548
Diddy,I_Need_a_Girl,285586,0.713
Christina_Milian,When_You_Look_At_Me,222546,0.955
Madonna,Die_Another_Day,276360,0.792
Jennifer_Lopez,I'm_Gonna_Be_Alright,172240,0.718
Angie_Martinez,If_I_Could_Go!,244466,0.583
Linkin_Park,In_the_End,216880,0.556
Las_Ketchup,The_Ketchup_Song,213973,0.607
Aaliyah,Rock_The_Boat,275026,0.641
Holly_Valance,Kiss_Kiss,204400,0.705
Sugababes,Round_Round,236426,0.74
Marilyn_Manson,Tainted_Love,200426,0.622
Brandy,What_About_Us?,253200,0.686
Chad_Kroeger,Hero,200480,0.427
Britney_Spears,Overprotected,198600,0.682
Scooter,The_Logical_Song,234116,0.527
Missy_Elliott,4_My_People,289373,0.969
Aaliyah,More_Than_A_Woman,230346,0.646
Brandy,Full_Moon,248933,0.611
Blue,One_Love,207186,0.683
Busta_Rhymes,Pass_The_Courvoisier_Part_II,238600,0.697
Celine_Dion,A_New_Day_Has_Come,259773,0.574
Scooter,Nessaja,208449,0.486
Eve,Gangsta_Lovin',239266,0.723
Disturbing_Tha_Peace,Move_Bitch,272293,0.777
Khia,My_Neck_My_Back,222560,0.859
Tweet,Oops,237800,0.66
Kylie_Minogue,Spinning_Around,207866,0.761
Nelly,Hot_In_Herre,228240,0.956
Gareth_Gates,Anyone_of_Us,227866,0.7
Christina_Aguilera,Dirrty,298853,0.64
B2K,Uh_Huh,223293,0.855
Sugababes,Freak_Like_Me,195866,0.517
Dirty_Vegas,Days_Go_By,432146,0.786
Fat_Joe,What's_Luv?,267093,0.835
Liberty_X,Just_A_Little,237359,0.786
No_Doubt,Hella_Good,242586,0.771
LL_Cool_J,Luv_U_Better,287000,0.668
Red_Hot_Chili_Peppers,Can't_Stop,269000,0.618
Musiq_Soulchild,Halfcrazy,254493,0.412
Sean_Paul,Gimme_the_Light,228000,0.778
Faith_Evans,I_Love_You,267160,0.489
Charli_Baltimore,Down_4_U,318213,0.64
Kylie_Minogue,Love_at_First_Sight,238266,0.603
N.O.R.E.,Nothin',264653,0.791
Gareth_Gates,Unchained_Melody,233666,0.368
Diddy,I_Need_a_Girl,268800,0.66
Big_Brovaz,Nu_Flow,201480,0.783
No_Doubt,Hey_Baby,207040,0.705
Ashanti,Baby,265706,0.567
Sophie_Ellis,Murder_On_The_Dancefloor,230013,0.734
Justin_Timberlake,Like_I_Love_You,283626,0.853
Mary_J._Blige,Rainy_Dayz,276373,0.412
A1,Caught_in_the_Middle,206466,0.519
Eminem,Cleanin'_Out_My_Closet,297840,0.908
Ashanti,Happy,262226,0.727
Delta_Goodrem,Born_to_Try,251280,0.542
P!nk,Get_the_Party_Started,192533,0.802
Alicia_Keys,A_Woman's_Worth,303333,0.652
Daniel_Bedingfield,Gotta_Get_Thru_This,161240,0.838
Coldplay,Clocks,307879,0.577
Missy_Elliott,Work_It,263226,0.884
Ronan_Keating,If_Tomorrow_Never_Comes,214306,0.555
Big_Tymers,Still_Fly,335613,0.675
Creed,My_Sacrifice,294600,0.32
Ja_Rule,Always_On_Time,245133,0.839
Ashanti,Foolish,227386,0.665
Avril_Lavigne,Sk8er_Boi,204000,0.487
DJ_Sammy,Heaven,233600,0.571
Britney_Spears,I'm_Not_a_Girl_Not_Yet_a_Woman,231066,0.534
Camron,Oh_Boy,204706,0.754
Red_Hot_Chili_Peppers,By_the_Way,216933,0.451
Elvis_Presley,A_Little_Less_Conversation,211506,0.597
Atomic_Kitten,The_Tide_Is_High,206093,0.783
*NSYNC,Girlfriend,253600,0.745
Robbie_Williams,Somethin'_Stupid,170493,0.654
Alanis_Morissette,Hands_Clean,269400,0.513
Usher,U_Don't_Have_to_Call,269400,0.793
Creed,One_Last_Breath,242000,0.38
The_Goo_Goo_Dolls,Here_Is_Gone,238173,0.338
Puddle_Of_Mudd,She_Hates_Me,216760,0.58
Ludacris,Rollout,296586,0.921
Blazin'_Squad,Crossroads,188693,0.661
Default,Wasting_My_Time,268693,0.443
Michelle_Branch,All_You_Wanted,217680,0.499
Daniel_Bedingfield,If_You're_Not_The_One,257026,0.688
Enrique_Iglesias,Escape,208626,0.776
Puddle_Of_Mudd,Blurry,303920,0.432
Coldplay,In_My_Place,226680,0.424
Outkast,The_Whole_World,295346,0.814
P!nk,Don't_Let_Me_Get_Me,210693,0.624
50_Cent,In_Da_Club,193466,0.899
Sean_Paul,Get_Busy,211666,0.735
Eminem,Lose_Yourself,322226,0.686
Beyonce,Crazy_In_Love,236133,0.646
Counting_Crows,Big_Yellow_Taxi,225426,0.669
Black_Eyed_Peas,Where_Is_The_Love?,272533,0.835
Jennifer_Lopez,Jenny_from_the_Block,187840,0.845
Black_Eyed_Peas,Shut_Up,296186,0.81
t.A.T.u.,All_The_Things_She_Said,214440,0.527
Benny_Benassi,Satisfaction,285570,0.793
Busta_Rhymes,I_Know_What_You_Want,324306,0.648
Panjabi_MC,Mundian_to_Bach_Ke,244666,0.778
Mis,Scandalous,238840,0.734
JAY,03'_Bonnie_&_Clyde,205560,0.759
50_Cent,P.I.M.P.,249480,0.712
Jamelia,Superstar,215480,0.801
Linkin_Park,Faint,162600,0.554
DMX,X_Gon'_Give_It_To_Ya,217586,0.761
Evanescence,Bring_Me_To_Life,235893,0.331
Sugababes,Hole_In_The_Head,218173,0.785
Craig_David,Rise_&_Fall,287226,0.405
Three_Days_Grace,I_Hate_Everything_About_You,231480,0.498
Lil_Jon_&_The_East_Side_Boyz,Get_Low,324600,0.78
B2K,Bump_Bump_Bump,282773,0.835
Baby_Bash,Suga_Suga,239026,0.662
Aaliyah,Miss_You,245240,0.602
Britney_Spears,Me_Against_the_Music,223773,0.804
Blue,Sorry_Seems_To_Be_The_Hardest_Word,210066,0.564
Delta_Goodrem,Lost_Without_You,248546,0.581
Justin_Timberlake,Rock_Your_Body,267266,0.892
The_White_Stripes,Seven_Nation_Army,231920,0.741
Youngbloodz,Damn!,298600,0.772
Beyonce,Baby_Boy,244826,0.655
Lil'_Kim,Magic_Stick,359973,0.849
Christina_Aguilera,Can't_Hold_Us_Down,255266,0.859
Nickelback,Someday,207466,0.455
Blue,U_Make_Me_Wanna,222400,0.6
Ashanti,Rain_On_Me,297960,0.606
Trapt,Headstrong,285569,0.492
Simply_Red,Sunrise,199040,0.791
Lumidee,Never_Leave_You,184906,0.811
Girls_Aloud,Sound_Of_The_Underground,221426,0.568
Nelly,Shake_Ya_Tailfeather,293666,0.527
Room_5,Make_Luv,212413,0.883
Fatman_Scoop,Be_Faithful,164506,0.649
Limp_Bizkit,Behind_Blue_Eyes,269973,0.595
Sugababes,Too_Lost_In_You,237693,0.586
50_Cent,Wanksta,219400,0.802
Pharrell_Williams,Frontin',236506,0.894
Chingy,Right_Thurr,250746,0.866
Eminem,Sing_For_The_Moment,339546,0.668
Lil'_Kim,The_Jump_Off,234800,0.853
Maya,My_Love_Is_Like...Wo,209533,0.831
50_Cent,21_Questions,224440,0.646
Nelly,Air_Force_Ones,304000,0.784
Missy_Elliott,Gossip_Folks,234893,0.707
Girls_Aloud,Jump,220360,0.658
Ultrabeat,Pretty_Green_Eyes,201920,0.553
Christina_Aguilera,Fighter,245960,0.435
Frankie_J,Don't_Wanna_Try,245293,0.655
Snoop_Dogg,Beautiful,299146,0.893
Floetry,Say_Yes,268373,0.747
Ginuwine,In_Those_Jeans,243306,0.691
Electric_Six,Danger!_High_Voltage,214600,0.66
Rachel_Stevens,Sweet_Dreams_My_LA_Ex,208386,0.85
Ludacris,Stand_Up,213760,0.751
Nas,I_Can,253720,0.837
3_Doors_Down,When_I'm_Gone,260333,0.53
Tyrese,How_You_Gonna_Act_Like_That,294693,0.733
Justin_Timberlake,Cry_Me_a_River,288333,0.624
Westlife,Mandy,199320,0.447
No_Doubt,It's_My_Life,226053,0.612
Amanda_Perez,Angel,218760,0.638
JAY,Excuse_Me_Miss,281240,0.714
Coldplay,Clocks,307879,0.577
Kelly_Rowland,Stole,249293,0.649
Missy_Elliott,Work_It,263226,0.884
Ashanti,Rock_Wit_U,209120,0.71
Junior_Senior,Move_Your_Feet,181826,0.747
Audioslave,Like_a_Stone,293960,0.614
Sean_Paul,Like_Glue,232506,0.757
Jaheim,Put_That_Woman_First,245773,0.649
Jennifer_Lopez,All_I_Have,254466,0.701
Monica,So_Gone,242773,0.618
Dido,White_Flag,240040,0.512
The_Roots,The_Seed,267933,0.758
Chingy,Holidae_In,314400,0.81
Fabolous,Can't_Let_You_Go,223973,0.646
Kelly_Clarkson,Miss_Independent,214773,0.656
Ja_Rule,Mesmerize,278693,0.769
Matchbox_Twenty,Unwell,228706,0.256
Outkast,The_Way_You_Move,234000,0.871
Fabolous,Into_You,295773,0.546
Switchfoot,Meant_to_Live,201373,0.397
Daniel_Bedingfield,If_You're_Not_The_One,257026,0.688
Good_Charlotte,Lifestyles_of_the_Rich_&_Famous,190173,0.62
Wayne_Wonder,No_Letting_Go,202013,0.496
The_Strokes,Reptilia,219826,0.489
Avril_Lavigne,I'm_with_You,223066,0.457
Will_Young,Leave_Right_Now,214733,0.641
Usher,Yeah!,250373,0.894
Maroon_5,This_Love,206200,0.712
Britney_Spears,Toxic,198800,0.774
Outkast,Hey_Ya!,235213,0.727
Hoobastank,The_Reason,232800,0.472
Anastacia,Left_Outside_Alone,257426,0.663
Daddy_Yankee,Gasolina,192600,0.857
Black_Eyed_Peas,Let's_Get_It_Started,217733,0.785
O'Zone,Dragostea_Din_Tei,215431,0.809
Terror_Squad,Lean_Back,247426,0.783
Anastacia,Sick_and_Tired,212266,0.598
Gwen_Stefani,What_You_Waiting_For?,221226,0.676
Ashanti,Only_U,186306,0.601
The_Rasmus,In_the_Shadows,257920,0.6
Houston,I_Like_That,236520,0.797
Beyonce,Naughty_Girl,208600,0.735
Linkin_Park,Numb,185586,0.496
Lloyd_Banks,On_Fire,187280,0.759
Akon,Locked_Up,235066,0.818
D12,My_Band,298773,0.851
Jay_Sean,Eyes_On_You,190493,0.802
Mario_Winans,I_Don't_Wanna_Know,257333,0.833
Destiny's_Child,Lose_My_Breath,242013,0.814
Eric_Prydz,Call_on_Me,171360,0.597
Ciara,Goodies,223000,0.826
Kelis,Trick_Me,206106,0.97
LL_Cool_J,Headsprung,267320,0.718
Spiderbait,Black_Betty,205973,0.562
George_Michael,Amazing,265826,0.805
Britney_Spears,My_Prerogative,213893,0.749
Nina_Sky,Move_Ya_Body,232000,0.87
Baby_Bash,Suga_Suga,239026,0.662
Petey_Pablo,Freek,235186,0.737
JAY,Dirt_Off_Your_Shoulder,245173,0.779
Juanes,La_Camisa_Negra,216706,0.751
Avril_Lavigne,Nobody's_Home,212413,0.348
Robbie_Williams,Radio,233600,0.607
Black_Eyed_Peas,Hey_Mama,214893,0.86
Ying_Yang_Twins,Salt_Shaker,252440,0.884
Enrique_Iglesias,Not_In_Love,223133,0.762
Kelis,Milkshake,182626,0.881
Linkin_Park,Breaking_the_Habit,196906,0.579
JoJo,Leave,242746,0.656
Christina_Milian,Dip_It_Low,197186,0.752
Avant,Read_Your_Mind,263506,0.755
Eminem,Just_Lose_It,248680,0.94
Sugababes,Too_Lost_In_You,237693,0.586
Snoop_Dogg,Drop_It_Like_It's_Hot,266066,0.892
Sean_Paul,I'm_Still_in_Love_with_You,273360,0.765
The_Shapeshifters,Lola's_Theme,207066,0.748
D12,How_Come,249533,0.745
Basement_Jaxx,Good_Luck,282306,0.571
Kevin_Lyttle,Turn_Me_On,192106,0.677
Chingy,One_Call_Away,276800,0.765
T.I.,Bring_Em_Out,216706,0.759
DJ_Casper,Cha_Cha_Slide,222146,0.853
Kylie_Minogue,I_Believe_in_You,200973,0.548
Twista,Overnight_Celebrity,233360,0.828
N.E.R.D,She_Wants_To_Move,213786,0.766
Britney_Spears,Everytime,230306,0.398
U2,Vertigo,193520,0.416
Franz_Ferdinand,Take_Me_Out,237026,0.277
J,Tipsy,247106,0.925
G,Wanna_Get_To_Know_You,265026,0.513
Lil'_Flip,Sunshine,225173,0.814
Kanye_West,Jesus_Walks,193733,0.637
Evanescence,My_Immortal,262533,0.19
Nelly,My_Place,336506,0.6
Lemar,If_There's_Any_Justice,229080,0.706
No_Doubt,It's_My_Life,226053,0.612
Avril_Lavigne,Don't_Tell_Me,202013,0.523
Twista,Slow_Jamz,316053,0.559
Green_Day,American_Idiot,176346,0.38
Kelis,Millionaire,224933,0.68
Scissor_Sisters,Comfortably_Numb,266040,0.803
Alicia_Keys,Diary,284160,0.663
Kanye_West,Through_The_Wire,221226,0.571
Special_D.,Come_With_Me,185133,0.739
Ludacris,Splash_Waterfalls,290760,0.734
Avril_Lavigne,My_Happy_Ending,242413,0.414
Dido,White_Flag,240040,0.512
Eamon,Fuck_It,225106,0.828
Beyonce,Me_Myself_and_I,301133,0.75
3_Doors_Down,Here_Without_You,238733,0.557
Kanye_West,All_Falls_Down,223506,0.657
Twista,Sunshine,226013,0.926
Katie_Melua,The_Closest_Thing_to_Crazy,252466,0.562
Usher,My_Boo,223440,0.662
Lloyd,Southside,277840,0.688
LMC,Take_Me_To_The_Clouds_Above,171546,0.668
The_Streets,Fit_but_You_Know_It,254266,0.68
JUVENILE,Slow_Motion,248200,0.713
Outkast,The_Way_You_Move,234000,0.871
Girls_Aloud,Love_Machine,205360,0.663
Jessica_Simpson,With_You,191826,0.553
Eminem,Like_Toy_Soldiers,296880,0.52
Gary_Jules,Mad_World,189506,0.345
Ashlee_Simpson,Pieces_Of_Me,217440,0.505
Will_Young,Leave_Right_Now,214733,0.641
Alicia_Keys,You_Don't_Know_My_Name,366733,0.264
Mariah_Carey,We_Belong_Together,201400,0.84
Mario,Let_Me_Love_You,256733,0.656
Kanye_West,Gold_Digger,207626,0.629
Rihanna,Pon_de_Replay,246960,0.779
50_Cent,Candy_Shop,209106,0.614
James_Blunt,You're_Beautiful,209493,0.675
Green_Day,Boulevard_of_Broken_Dreams,261266,0.49
The_Pussycat_Dolls,Don't_Cha,272080,0.875
Daniel_Powter,Bad_Day,233640,0.599
Akon,Bananza,238493,0.878
Madonna,Hung_Up,337733,0.649
50_Cent,Just_A_Lil_Bit,237706,0.489
Crazy_Frog,Axel_F,168879,0.86
Eminem,Ass_Like_That,265480,0.646
Sean_Paul,We_Be_Burnin',213066,0.95
Gwen_Stefani,Rich_Girl,236213,0.856
The_Chemical_Brothers,Galvanize,393813,0.745
Fort_Minor,Remember_the_Name,230493,0.688
50_Cent,Disco_Inferno,214226,0.925
The_Game,How_We_Do,235533,0.862
Chris_Brown,Run_It!,229866,0.846
Mariah_Carey,It's_Like_That,203360,0.8
Black_Eyed_Peas,My_Humps,326960,0.802
Ciara,Oh,256346,0.8
50_Cent,Outta_Control,247506,0.772
Baby_Bash,Baby_I'm_Back,219920,0.899
Jennifer_Lopez,Get_Right,225533,0.741
JAY,Numb_/_Encore,205733,0.687
The_Game,Hate_It_Or_Love_It,206400,0.802
Gorillaz,Feel_Good_Inc.,222640,0.818
Black_Eyed_Peas,Don't_Phunk_With_My_Heart,239773,0.69
Akon,Lonely,235800,0.629
Bodyrockers,I_Like_The_Way,200053,0.642
Sugababes,Push_The_Button,218093,0.962
Jeezy,Soul_Survivor,280013,0.684
Eminem,Mockingbird,250760,0.637
Shakira,La_Tortura,212893,0.74
Gorillaz,DARE,244999,0.76
Snoop_Dogg,Signs,236813,0.94
Robbie_Williams,Tripping,276603,0.666
David_Banner,Play,230133,0.837
Trillville,Some_Cut,283454,0.9
D4L,Laffy_Taffy,224253,0.891
Missy_Elliott,Lose_Control,226863,0.904
Rob_Thomas,Lonely_No_More,226640,0.551
Brian_McFadden,Almost_Here,229826,0.561
Bobby_V.,Slow_Down,258666,0.568
Backstreet_Boys,Incomplete,239586,0.437
Pretty_Ricky,Grind_With_Me,237733,0.7
Kanye_West,Diamonds_From_Sierra_Leone,233400,0.672
Snoop_Dogg,Drop_It_Like_It's_Hot,266066,0.892
Fat_Joe,Get_It_Poppin',211320,0.905
Destiny's_Child,Soldier,325573,0.878
Ciara,1_2_Step,202213,0.939
Amerie,1_Thing,238746,0.636
Ludacris,Get_Back,270746,0.555
Franz_Ferdinand,Do_You_Want_To,215000,0.412
Natalie_Imbruglia,Shiver,222653,0.489
Gwen_Stefani,Hollaback_Girl,199853,0.926
Pretty_Ricky,Your_Body,240040,0.838
Thirty_Seconds_To_Mars,The_Kill,231533,0.179
Alicia_Keys,Karma,256000,0.727
2Pac,Ghetto_Gospel,238053,0.794
Craig_David,Don't_Love_You_No_More,243986,0.636
Katie_Melua,Nine_Million_Bicycles,197160,0.534
Lil_Jon_&_The_East_Side_Boyz,Lovers_And_Friends,260600,0.675
Mariah_Carey,Don't_Forget_About_Us,233866,0.7
Ying_Yang_Twins,Wait,179160,0.933
Will_Smith,Switch,197666,0.873
Bow_Wow,Like_You,205840,0.714
Kaiser_Chiefs,Everyday_I_Love_You_Less_And_Less,217706,0.49
Kelly_Clarkson,Behind_These_Hazel_Eyes,198973,0.548
Black_Eyed_Peas,Don't_Lie,219000,0.662
Westlife,You_Raise_Me_Up,241066,0.129
Ray_J,One_Wish,337640,0.525
Papa_Roach,Scars,208199,0.455
Arctic_Monkeys,I_Bet_You_Look_Good_On_The_Dancefloor,173680,0.535
Shayne_Ward,That's_My_Goal,219600,0.286
Bow_Wow,Let_Me_Hold_You,248493,0.815
Kaiser_Chiefs,I_Predict_A_Riot,233186,0.395
Usher,Caught_Up,224640,0.817
Kelly_Clarkson,Because_of_You,219493,0.587
3_Doors_Down,Let_Me_Go,243053,0.478
Nickelback,Photograph,258920,0.515
T,I'm_Sprung,231040,0.722
Destiny's_Child,Cater_2_U,245400,0.605
The_Pussycat_Dolls,Stickwitu,207506,0.548
Ryan_Cabrera,TRUE,204173,0.598
Stereophonics,Dakota,297426,0.506
Eminem,Like_Toy_Soldiers,296880,0.52
Nelly,Over_And_Over,253933,0.644
Coldplay,Speed_of_Sound,287906,0.514
KT_Tunstall,Suddenly_I_See,201706,0.587
Destiny's_Child,Girl,224146,0.567
Kelly_Clarkson,Since_U_Been_Gone,188960,0.662
U2,Sometimes_You_Can't_Make_It_On_Your_Own,305080,0.53
The_All,Dirty_Little_Secret,193653,0.469
Toby_Keith,As_Good_As_I_Once_Was,227840,0.68
Gwen_Stefani,Cool,189333,0.709
Foo_Fighters,Best_of_You,255626,0.366
Shakira,Hips_Don't_Lie,218093,0.778
Sean_Paul,Temperature,218573,0.951
Justin_Timberlake,SexyBack,242733,0.967
Beyonce,Irreplaceable,227853,0.447
Amy_Winehouse,Rehab,214946,0.407
Rihanna,SOS,238920,0.677
Gnarls_Barkley,Crazy,177466,0.855
Busta_Rhymes,Touch_It,214960,0.658
Nelly_Furtado,Maneater,258893,0.796
Bob_Sinclar,Rock_This_Party,245466,0.893
Diddy,Come_to_Me,276786,0.819
Madonna,Sorry,281880,0.589
Chamillionaire,Ridin',303053,0.787
Black_Eyed_Peas,Pump_It,213066,0.648
Nelly_Furtado,Promiscuous,242293,0.808
Fedde_Le_Grand,Put_Your_Hands_Up_for_Detroit,150533,0.814
Sean_Paul,_Give_It_Up_to_Me,243880,0.711
The_Pussycat_Dolls,Buttons,225560,0.565
Ciara,Get_Up,261880,0.964
Eminem,Shake_That,274440,0.963
Cherish,Do_It_To_It,226293,0.826
Muse,Supermassive_Black_Hole,212439,0.668
Chris_Brown,Gimme_That,186826,0.678
Infernal,From_Paris_to_Berlin,209666,0.741
Cassie,Me_&_U,192213,0.803
E,U_and_Dat,202720,0.858
The_Pussycat_Dolls,Beep,229360,0.938
Lil_Jon,Snap_Yo_Fingers,274386,0.835
Armand_Van_Helden,My_My_My,190000,0.678
The_Notorious_B.I.G.,Nasty_Girl,286186,0.833
Yung_Joc,It's_Goin'_Down,241840,0.888
Shayne_Ward,No_Promises,223066,0.5
Justin_Timberlake,My_Love,276160,0.771
Nickelback,Savin'_Me,219320,0.441
Nelly,Grillz,271160,0.867
Take_That,Patience,202066,0.309
Fergie,London_Bridge,241306,0.769
Cascada,Everytime_We_Touch,199120,0.64
D4L,Laffy_Taffy,224253,0.891
LL_Cool_J,Control_Myself,233973,0.825
Beyonce,Deja_Vu,240280,0.644
P!nk,Stupid_Girls,197173,0.683
Eminem,When_I'm_Gone,281320,0.618
Kelis,Bossy,273973,0.906
Bob_Sinclar,Love_Generation,207613,0.715
Meck,Thunder_in_My_Heart_Again,189800,0.679
Mary_J._Blige,Be_Without_You,246333,0.726
Girls_Aloud,Something_Kinda_Ooooh,201590,0.681
Rihanna,Unfaithful,226973,0.588
Kanye_West,Touch_The_Sky,236600,0.552
Dem_Franchize_Boyz,Lean_Wit_It_Rock_Wit_It,229813,0.886
Evanescence,Call_Me_When_You're_Sober,214706,0.45
Chingy,Pullin'_Me_Back,234133,0.786
Nickelback,Far_Away,238173,0.518
Fall_Out_Boy,Dance_Dance,180266,0.622
Leona_Lewis,A_Moment_Like_This,257293,0.261
T.I.,What_You_Know,274333,0.551
Ludacris,Money_Maker,230613,0.551
Nick_Lachey,What's_Left_Of_Me,244613,0.42
Jibbs,Chain_Hang_Low,207586,0.792
Arctic_Monkeys,When_The_Sun_Goes_Down,202133,0.348
Rascal_Flatts,Life_is_a_Highway,276773,0.561
Beyonce,Check_On_It,211186,0.7
Keyshia_Cole,Love,255333,0.688
Lily_Allen,Smile,196893,0.632
Ne,Sexy_Love,220853,0.693
JoJo,Too_Little_Too_Late,223680,0.535
Mary_J._Blige,One,260466,0.344
Bubba_Sparxxx,Ms._New_Booty,252653,0.64
Amy_Winehouse,You_Know_I'm_No_Good,256946,0.705
Rascal_Flatts,What_Hurts_The_Most,214106,0.537
Red_Hot_Chili_Peppers,Dani_California,282160,0.556
Scissor_Sisters,I_Don't_Feel_Like_Dancin',288360,0.707
Ne,So_Sick,207186,0.452
Hinder,Lips_Of_An_Angel,261053,0.474
The_Raconteurs,Steady_As_She_Goes,215266,0.525
The_Fratellis,Chelsea_Dagger,215306,0.511
Fort_Minor,Where'd_You_Go,231866,0.684
The_Pussycat_Dolls,Stickwitu,207506,0.548
Panic!_At_The_Disco,I_Write_Sins_Not_Tragedies,185586,0.566
James_Blunt,Goodbye_My_Lover,258653,0.432
Christina_Aguilera,Ain't_No_Other_Man,228906,0.862
Westlife,The_Rose,219106,0.272
Keane,Is_It_Any_Wonder?,186173,0.489
Orson,No_Tomorrow,167493,0.656
T,I'm_N_Luv,265333,0.731
KT_Tunstall,Black_Horse_And_The_Cherry_Tree,172373,0.748
Natasha_Bedingfield,Unwritten,259333,0.706
Razorlight,America,249760,0.447
James_Morrison,You_Give_Me_Something,213173,0.559
Snow_Patrol,You're_All_I_Have,273333,0.467
The_Fray,How_to_Save_a_Life,262533,0.64
Sandi_Thom,I_Wish_I_Was_a_Punk_Rocker,151640,0.7
My_Chemical_Romance,Welcome_to_the_Black_Parade,311106,0.217
Razorlight,In_The_Morning,222453,0.616
The_All,Dirty_Little_Secret,193653,0.469
James_Morrison,Wonderful_World,210066,0.474
Chris_Brown,Yo,229040,0.536
P!nk,Who_Knew,208493,0.688
The_Kooks,Naive,203506,0.391
Leona_Lewis,Bleeding_Love,262466,0.638
Rihanna,Umbrella,275986,0.583
Britney_Spears,Gimme_More,251240,0.788
Fergie,Big_Girls_Don't_Cry,268120,0.708
Mark_Ronson,Valerie,219413,0.698
Plain_White_T's,Hey_There_Delilah,232533,0.656
Justin_Timberlake,What_Goes_Around.../...Comes_Around,448573,0.687
Gwen_Stefani,The_Sweet_Escape,246466,0.756
Timbaland,The_Way_I_Are,179120,0.731
Nelly_Furtado,Say_It_Right,223080,0.872
Ida_Corr,Let_Me_Think_About_It,151973,0.762
Alex_Gaudino,Destination_Calabria,223111,0.627
September,Cry_for_You,209800,0.767
Akon,Smack_That,212360,0.94
Timbaland,Give_It_To_Me,234026,0.975
50_Cent,Ayo_Technology,247946,0.63
Eric_Prydz,Proper_Education,198567,0.537
Fedde_Le_Grand,Put_Your_Hands_Up_For_Detroit,150533,0.827
Ciara,Like_a_Boy,237053,0.701
Kanye_West,Stronger,311866,0.617
Beyonce,Beautiful_Liar,199853,0.764
Gym_Class_Heroes,Breakfast_in_America,237173,0.584
Akon,I_Wanna_Love_You,247066,0.865
Soulja_Boy,Crank_That,221933,0.736
Fat_Joe,Make_It_Rain,247413,0.744
P!nk,U_+_Ur_Hand,214386,0.709
Rihanna,Shut_Up_And_Drive,212280,0.735
Lloyd,Get_It_Shawty,209533,0.822
Kanye_West,Can't_Tell_Me_Nothing,271600,0.596
Camille_Jones,The_Creeps,152333,0.847
Linkin_Park,What_I've_Done,205613,0.623
Keyshia_Cole,Last_Night,255706,0.918
Chris_Brown,Kiss_Kiss,250666,0.729
Shop_Boyz,Party_Like_A_Rock_Star,253400,0.619
Finger_Eleven,Paralyzer,208106,0.644
Justin_Timberlake,Summer_Love,252973,0.606
MiMS,This_Is_Why_I'm_Hot,253706,0.621
Fabolous,Make_Me_Better,253573,0.607
Seether,Fake_It,193893,0.611
Take_That,Patience,202066,0.309
Arctic_Monkeys,Brianstorm,172866,0.42
Justin_Timberlake,My_Love,276160,0.771
Fergie,Glamorous,246600,0.811
Linkin_Park,Bleed_It_Out,166373,0.529
My_Chemical_Romance,Teenagers,161920,0.463
Calvin_Harris,Acceptable_in_the_80's,333680,0.787
Sugababes,About_You_Now,212400,0.584
Avril_Lavigne,Girlfriend,216600,0.56
Ne,Because_Of_You,266840,0.81
Daughtry,It's_Not_Over,215173,0.45
Unk,Walk_It_Out,173040,0.794
Lloyd,You,273133,0.412
Klaxons,Golden_Skans,165120,0.463
T,Bartender,238800,0.675
Baby_Boy_Da_Prince,The_Way_I_Live,324906,0.88
Fergie,Fergalicious,292373,0.906
Omarion,Ice_Box,256426,0.775
Pretty_Ricky,On_the_Hotline,242586,0.704
Nickelback,Rockstar,252040,0.616
Fall_Out_Boy,Thnks_fr_th_Mmrs,203506,0.459
Justin_Timberlake,LoveStoned,444333,0.859
All_Time_Low,Dear_Maria_Count_Me_In,182826,0.459
Amy_Winehouse,Back_To_Black,241293,0.403
Keyshia_Cole,Let_It_Go,238360,0.808
Ciara,Promise,267413,0.697
Enrique_Iglesias,Do_You_Know?,219533,0.753
T2,Heartbroken,178613,0.716
Robyn,With_Every_Heartbeat,254920,0.477
Maroon_5,Makes_Me_Wonder,211080,0.803
Fall_Out_Boy,This_Ain't_A_Scene_It's_An_Arms_Race,212040,0.435
Paramore,Misery_Business,211520,0.517
Hinder,Better_Than_Me,223533,0.451
Huey,Pop_Lock_&_Drop_It,261026,0.723
Foo_Fighters,The_Pretender,269373,0.433
Plies,Shawty,255413,0.444
Kaiser_Chiefs,Ruby,204200,0.451
Mark_Ronson,Stop_Me,232946,0.626
Bow_Wow,Outta_My_System,238266,0.772
Jim_Jones,We_Fly_High,236080,0.685
The_Red_Jumpsuit_Apparatus,Face_Down,192000,0.545
MIKA,Grace_Kelly,187733,0.675
Christina_Aguilera,Candyman,194213,0.686
Sean_Kingston,Beautiful_Girls,225373,0.762
Akon,Don't_Matter,293066,0.801
James_Blunt,1973,280026,0.72
Carrie_Underwood,Before_He_Cheats,199946,0.519
Just_Jack,Starz_In_Their_Eyes,295933,0.67
T,Buy_U_a_Drank,227960,0.451
Bone_Thugs,I_Tried,287480,0.727
Avril_Lavigne,When_You're_Gone,240493,0.457
Rich_Boy,Throw_Some_D's,263920,0.697
MIKA,Love_Today,235173,0.673
Manic_Street_Preachers,Your_Love_Alone_Is_Not_Enough,235693,0.344
Elliott_Yamin,Wait_for_You,261320,0.764
Wyclef_Jean,Sweetest_Girl,241133,0.733
Boys_Like_Girls,The_Great_Escape,206520,0.423
Take_That,Rule_The_World,237760,0.357
J._Holiday,Bed,275106,0.684
Red_Hot_Chili_Peppers,Snow,334666,0.427
Ludacris,Runaway_Love,280680,0.405
Flo_Rida,Low,231400,0.918
Katy_Perry,I_Kissed_A_Girl,179640,0.699
Rihanna,Take_A_Bow,229413,0.697
Alicia_Keys,No_One,253813,0.644
Timbaland,Apologize,184400,0.653
Ne,Miss_Independent,232000,0.668
Chris_Brown,With_You,252120,0.662
Beyonce,If_I_Were_a_Boy,249146,0.632
Kardinal_Offishall,Dangerous,246053,0.949
Madcon,Beggin,216146,0.715
September,Cry_for_You,209800,0.767
Rihanna,Disturbia,238626,0.707
Guru_Josh_Project,Infinity_2008,190013,0.493
Britney_Spears,Break_the_Ice,196053,0.712
Lil_Wayne,Lollipop,299333,0.829
Basshunter,Now_You're_Gone,148186,0.639
Kanye_West,Flashing_Lights,237506,0.639
Madonna,4_Minutes,189693,0.753
Katy_Perry,Hot_N_Cold,220226,0.706
Rihanna,Don't_Stop_The_Music,267080,0.835
Snoop_Dogg,Sensual_Seduction,245520,0.756
Akon,Right_Now,240746,0.83
Britney_Spears,Womanizer,224400,0.724
Eric_Prydz,Pjanoo,157432,0.605
Kelly_Rowland,Work,207920,0.888
Jeezy,Put_On,321293,0.654
Madonna,Give_It_2_Me,287906,0.837
The_Pussycat_Dolls,When_I_Grow_Up,245680,0.671
will.i.am,Heartbreaker,327880,0.788
Soulja_Boy,Crank_That,221933,0.736
Britney_Spears,Piece_of_Me,212106,0.769
T.I.,Live_Your_Life,338853,0.375
Ne,Closer,234360,0.709
Lil_Wayne,A_Milli,221840,0.674
Colby_O'Donis,What_You_Got,243013,0.775
Miley_Cyrus,See_You_Again,190453,0.692
Basshunter,All_I_Ever_Wanted,176453,0.645
Chris_Brown,Kiss_Kiss,250666,0.729
Finger_Eleven,Paralyzer,208106,0.644
Alesha_Dixon,The_Boy_Does_Nothing,210680,0.632
Dizzee_Rascal,Dance_Wiv_Me,204093,0.878
Gabriella_Cilmi,Sweet_About_Me,202133,0.671
Jack_White,Another_Way_to_Die,262240,0.486
Plies,Hypnotized,188493,0.84
The_Pussycat_Dolls,I_Hate_This_Part,218400,0.756
Sean_Kingston,Take_You_There,236693,0.752
Natasha_Bedingfield,Pocketful_of_Sunshine,203440,0.726
The_Offspring,You're_Gonna_Go_Far_Kid,177826,0.55
Kanye_West,Homecoming,203493,0.667
Estelle,American_Boy,284733,0.727
Saving_Abel,Addicted,222826,0.512
Pendulum,Propane_Nightmares,313346,0.356
The_Game,My_Life,320893,0.673
Danity_Kane,Damaged,244266,0.774
P!nk,So_What,215160,0.534
Kanye_West,Love_Lockdown,270306,0.76
Gym_Class_Heroes,Cookie_Jar,216317,0.687
M.I.A.,Paper_Planes,205200,0.447
3_Doors_Down,It's_Not_My_Time,241960,0.529
Kylie_Minogue,Wow,190973,0.654
Mariah_Carey,Touch_My_Body,204733,0.715
MGMT,Kids,302840,0.451
The_Ting_Tings,Shut_Up_and_Let_Me_Go,171226,0.852
Lil_Wayne,Got_Money,244626,0.694
Santana,Into_the_Night,222440,0.595
The,I_Luv_Your_Girl,267866,0.723
Wiley,Wearing_My_Rolex,170480,0.876
Usher,Love_in_This_Club,259720,0.573
Sam_Sparro,Black_&_Gold,212360,0.383
H_two_O,What's_It_Gonna_Be,207476,0.733
The_Ting_Tings,That's_Not_My_Name,310573,0.755
Plies,Bust_It_Baby_Pt._2,240760,0.648
James_Morrison,Broken_Strings,250453,0.57
Leona_Lewis,Run,314720,0.285
Metro_Station,Shake_It,179946,0.618
T.I.,Whatever_You_Like,249533,0.68
Trey_Songz,Can't_Help_but_Wait,206413,0.699
OneRepublic,Stop_And_Stare,223853,0.492
Alexandra_Burke,Hallelujah,217826,0.177
Mary_J._Blige,Just_Fine,242133,0.923
Jordin_Sparks,One_Step_At_a_Time,205160,0.766
Coldplay,Viva_La_Vida,242373,0.486
Kings_of_Leon,Sex_on_Fire,203346,0.542
Kanye_West,Good_Life,207000,0.439
Duffy,Mercy,219920,0.793
David_Archuleta,Crush,213520,0.57
J._Holiday,Suffocate,220053,0.458
Gavin_DeGraw,In_Love_With_a_Girl,206000,0.438
Jordin_Sparks,Tattoo,233466,0.566
Coldplay,Violet_Hill,222653,0.33
Ray_J,Sexy_Can_I_feat._Yung_Berg,204040,0.575
Jennifer_Hudson,Spotlight,250106,0.707
John_Legend,Green_Light,284186,0.622
Jonas_Brothers,Burnin'_Up,175093,0.667
Lupe_Fiasco,Superstar,289000,0.572
Chris_Brown,Forever,278573,0.672
Adele,Chasing_Pavements,210506,0.614
Leona_Lewis,Better_in_Time,234173,0.584
Fergie,Clumsy,240426,0.731
T,Can't_Believe_It,273826,0.648
Black_Eyed_Peas,I_Gotta_Feeling,289133,0.743
Lady_Gaga,Poker_Face,237200,0.851
Beyonce,Halo,261640,0.508
David_Guetta,Sexy_Bitch,195853,0.813
Flo_Rida,Right_Round,204640,0.72
Taylor_Swift,Love_Story,236266,0.617
Pitbull,Hotel_Room_Service,238506,0.849
Britney_Spears,Circus,192360,0.791
Lady_Gaga,LoveGame,216333,0.894
Skillet,Monster,178013,0.64
The_Prodigy,Omen,216026,0.545
Black_Eyed_Peas,Meet_Me_Halfway,284373,0.798
Kanye_West,Heartless,211000,0.79
Kid_Cudi,Day_'N'_Nite,221240,0.88
Lady_Gaga,Just_Dance,241933,0.822
Britney_Spears,If_U_Seek_Amy,216520,0.717
Pitbull,I_Know_You_Want_Me,237120,0.825
Mariah_Carey,Obsessed,242200,0.742
Beyonce,Sweet_Dreams,208066,0.694
Agnes,Release_Me,256213,0.621
Black_Eyed_Peas,Boom_Boom_Pow,251440,0.867
Shakira,She_Wolf,188866,0.865
Lady_Gaga,Paparazzi,208306,0.762
JAY,Empire_State_Of_Mind,276920,0.491
OneRepublic,All_The_Right_Moves,238000,0.529
Jeremih,Birthday_Sex,226506,0.677
Cascada,Evacuate_The_Dancefloor,207200,0.762
Linkin_Park,New_Divide,268613,0.493
Kevin_Rudolf,Let_It_Rock,231173,0.607
JAY,Run_This_Town,267520,0.632
Lady_Gaga,Bad_Romance,294573,0.696
T.I.,Live_Your_Life,338853,0.375
Eminem,We_Made_You,269613,0.924
Dizzee_Rascal,Bonkers,177573,0.624
Ciara,Love_Sex_Magic,220426,0.893
Rihanna,Russian_Roulette,227533,0.48
Soulja_Boy,Turn_My_Swag_On,206333,0.546
The_xx,Intro,127920,0.617
Jay_Sean,Down,212106,0.657
Keri_Hilson,Turnin_Me_On,248066,0.661
David_Guetta,When_Love_Takes_Over,191000,0.675
Cheryl,Fight_For_This_Love,223253,0.739
Soulja_Boy,Kiss_Me_Thru_The_Phone,193386,0.758
Eminem,Crack_A_Bottle,297520,0.516
P!nk,Sober,251440,0.614
Tinchy_Stryder,Number_1,212773,0.581
Pixie_Lott,Mama_Do,196520,0.451
JLS,Beat_Again,196640,0.894
3OH!3,DONTTRUSTME,192573,0.791
A.R._Rahman,Jai_Ho!,222400,0.657
The_Pussycat_Dolls,I_Hate_This_Part,218400,0.756
Akon,Beautiful,312986,0.74
Alexandra_Burke,Bad_Boys,206480,0.67
Mario,Break_Up,249026,0.44
Drake,Forever,357706,0.457
Selena_Gomez_&_The_Scene,Naturally,202586,0.605
Kanye_West,Love_Lockdown,270306,0.76
The_Veronicas,Untouched,255360,0.557
Fabolous,Throw_It_In_The_Bag,231573,0.789
Jason_Derulo,Whatcha_Say,221253,0.615
Lily_Allen,Not_Fair,201213,0.719
T.I.,Dead_And_Gone,299746,0.713
Sean_Kingston,Fire_Burning,239986,0.839
Empire_of_the_Sun,Walking_On_A_Dream,198440,0.871
Cobra_Starship,Good_Girls_Go_Bad,196413,0.594
Nickelback,If_Today_Was_Your_Last_Day,249066,0.485
La_Roux,Bulletproof,205733,0.674
Kasabian,Fire,252279,0.525
Calvin_Harris,I'm_Not_Alone,210973,0.597
Justin_Bieber,One_Time,215866,0.691
Jamie_Foxx,Blame_It,289746,0.673
La_Roux,In_For_The_Kill,248626,0.629
Muse,Uprising,304840,0.602
Nickelback,Gotta_Be_Somebody,252653,0.536
James_Morrison,Broken_Strings,250453,0.57
T.I.,Whatever_You_Like,249533,0.68
Dizzee_Rascal,Holiday,220626,0.545
Beyonce,Single_Ladies,193213,0.426
Boys_Like_Girls,Love_Drunk,226706,0.44
The,Rockin'_That_Shit,221920,0.672
OneRepublic,Secrets,224693,0.516
JLS,Everybody_in_Love,195586,0.705
Jason_Aldean,Big_Green_Tractor,204200,0.616
The_Fray,Never_Say_Never,256613,0.23
Lily_Allen,The_Fear,207120,0.661
Kings_of_Leon,Sex_on_Fire,203346,0.542
Drake,Best_I_Ever_Had,258760,0.431
Kelly_Clarkson,Already_Gone,281560,0.209
Miley_Cyrus,Party_In_The_U.S.A.,202066,0.652
Jordin_Sparks,Battlefield,241920,0.613
Ne,Mad,254533,0.731
Green_Day,21_Guns,321093,0.268
Keri_Hilson,Knock_You_Down,326186,0.588
Taylor_Swift,You_Belong_With_Me,231146,0.687
Shinedown,Second_Chance,222066,0.46
Asher_Roth,I_Love_College,241933,0.713
Katy_Perry,Waking_Up_In_Vegas,199186,0.524
Kelly_Clarkson,My_Life_Would_Suck_Without_You,211493,0.526
Mumford_&_Sons,Little_Lion_Man,245173,0.517
The_Fray,You_Found_Me,241853,0.338
Bruno_Mars,Just_the_Way_You_Are,220734,0.635
Eminem,Love_The_Way_You_Lie,263373,0.749
Lady_Gaga,Bad_Romance,294573,0.696
Stromae,Alors_on_danse,206066,0.791
Kesha,TiK_ToK,199693,0.755
David_Guetta,Memories,210853,0.546
Taio_Cruz,Dynamite,202613,0.751
Rihanna,Only_Girl,235493,0.789
Katy_Perry,California_Gurls,234653,0.791
Kesha,Take_It_Off,215200,0.729
INNA,Hot,217036,0.817
Far_East_Movement,Like_A_G6,216893,0.435
David_Guetta,Gettin'_Over_You,188000,0.615
Duck_Sauce,Barbra_Streisand,196533,0.769
Lucenzo,Danza_Kuduro,213986,0.622
Rihanna,Te_Amo,208426,0.567
Timbaland,Carry_Out,232466,0.531
DJ_Fresh,Gold_Dust,192446,0.451
Edward_Maya,Stereo_Love,184573,0.799
Taio_Cruz,Break_Your_Heart,201546,0.607
Black_Eyed_Peas,Imma_Be,257560,0.597
Sidney_Samson,Riverside,320348,0.804
Eminem,Not_Afraid,248133,0.855
Lady_Gaga,Alejandro,274213,0.623
Rihanna,Rude_Boy,222920,0.563
Ne,Beautiful_Monster,251573,0.708
3OH!3,Starstrukk,203093,0.605
Black_Eyed_Peas,The_Time,307640,0.816
Kelly_Rowland,Commander,218106,0.395
Swedish_House_Mafia,One,163246,0.733
Chris_Brown,Deuces,276560,0.692
Usher,DJ_Got_Us_Fallin'_In_Love,220800,0.663
Iyaz,Replay,182306,0.706
Flo_Rida,Club_Can't_Handle_Me,234560,0.616
Sean_Kingston,Eenie_Meenie,201946,0.72
Waka_Flocka_Flame,No_Hands,263773,0.76
Tinie_Tempah,Written_in_the_Stars,207653,0.656
Bruno_Mars,Talking_to_the_Moon,217866,0.498
Miley_Cyrus,Can't_Be_Tamed,168213,0.63
Mike_Posner,Cooler_Than_Me,213293,0.768
Lady_Gaga,Telephone,220640,0.824
Yolanda_Be_Cool,We_No_Speak_Americano,157438,0.901
Rihanna,Hard,250600,0.31
Tinie_Tempah,Pass_Out,268053,0.693
Adam_Lambert,Whataya_Want_from_Me,227320,0.438
Trey_Songz,Bottoms_Up,242013,0.845
Timbaland,If_We_Ever_Meet_Again,292706,0.652
Enrique_Iglesias,I_Like_It,231373,0.648
Tim_Berg,Seek_Bromance,203960,0.515
Usher,OMG,269493,0.781
Maroon_5,Misery,216200,0.703
Jay_Sean,Down,212106,0.657
Rihanna,Man_Down,267000,0.47
3OH!3,My_First_Kiss,192440,0.682
Justin_Bieber,Baby,214240,0.728
Cali_Swag_District,Teach_Me_How_to_Dougie,237480,0.846
Swedish_House_Mafia,Miami_2_Ibiza,206460,0.736
K'NAAN,Wavin'_Flag,220520,0.625
Ludacris,How_Low,201586,0.785
Kesha,Blah_Blah_Blah,172053,0.752
DJ_Khaled,All_I_Do_Is_Win,232506,0.544
Jason_Derulo,In_My_Head,199026,0.762
Aloe_Blacc,I_Need_A_Dollar,243053,0.84
B.o.B,Airplanes,180480,0.66
Ludacris,My_Chick_Bad,216933,0.624
Nelly,Just_A_Dream,237800,0.531
Rihanna,What's_My_Name?,263173,0.692
Shontelle,Impossible,226533,0.599
Take_That,The_Flood,289359,0.514
Trey_Songz,Say_Aah,207546,0.724
Jason_Derulo,Whatcha_Say,221253,0.615
Drake,Over,233560,0.325
Example,Kickstarts,181826,0.61
Plan_B,She_Said,208853,0.72
The_Saturdays,Higher,207613,0.639
Jay_Sean,Do_You_Remember,210306,0.855
Usher,Hey_Daddy,224093,0.59
Lil_Wayne,Right_Above_It,271946,0.376
The_Wanted,All_Time_Low,205200,0.689
Kesha,Your_Love_Is_My_Drug,187133,0.826
Ellie_Goulding,Starry_Eyed,176613,0.504
Drake,Find_Your_Love,208946,0.625
Jason_Derulo,Ridin'_Solo,215746,0.442
Two_Door_Cinema_Club,What_You_Know,189693,0.55
JAY,Young_Forever,253906,0.637
Young_Money,BedRock,288133,0.733
B.o.B,Nothin'_on_You,268320,0.688
Katy_Perry,Teenage_Dream,227741,0.719
Scouting_For_Girls,This_Ain't_a_Love_Song,210680,0.458
Travie_McCoy,Billionaire,211160,0.633
Owl_City,Fireflies,228346,0.512
Alicia_Keys,Empire_State_of_MindBroken_Down,216480,0.484
Lady_A,Need_You_Now,236440,0.581
Taylor_Swift,Back_To_December,293026,0.529
Neon_Trees,Animal,212306,0.482
Kris_Allen,Live_Like_We're_Dying,212506,0.589
Matt_Cardle,When_We_Collide,226000,0.443
Robyn,Dancing_On_My_Own,288670,0.687
The_Band_Perry,If_I_Die_Young,222773,0.606
B.o.B,Magic,196133,0.549
Adele,Rolling_in_the_Deep,228093,0.73
Maroon_5,Moves_Like_Jagger,201493,0.722
LMFAO,Party_Rock_Anthem,262146,0.751
Katy_Perry,Firework,227893,0.638
Bruno_Mars,Grenade,222091,0.704
Pitbull,Hey_Baby,234453,0.595
Alexandra_Stan,Mr._Saxobeat,195105,0.726
David_Guetta,Who's_That_Chick?,201040,0.675
Jennifer_Lopez,On_The_Floor,284866,0.73
Rihanna,S&M,243533,0.767
Kesha,Blow,219973,0.753
Snoop_Dogg,Sweat,195986,0.813
Taio_Cruz,Higher,187626,0.672
Usher,More,219986,0.551
Example,Changed_the_Way_You_Kiss_Me,195466,0.578
Black_Eyed_Peas,Just_Cant_Get_Enough,219426,0.659
David_Guetta,Where_Them_Girls_At,194840,0.666
Lykke_Li,I_Follow_Rivers,281106,0.786
Pitbull,Give_Me_Everything,252306,0.671
Selena_Gomez_&_The_Scene,Love_You_Like_A_Love_Song,188453,0.858
Wiz_Khalifa,Black_and_Yellow,217666,0.684
Katy_Perry,E.T.,229573,0.62
Britney_Spears,I_Wanna_Go,210266,0.696
Gym_Class_Heroes,Stereo_Hearts,210960,0.646
Edward_Maya,Stereo_Love,184573,0.799
Enrique_Iglesias,Tonight,232213,0.648
Jeremih,Down_On_Me,228453,0.7
Sak_Noel,Loca_People,215624,0.926
Olly_Murs,Heart_Skips_a_Beat,202266,0.843
LMFAO,Sexy_And_I_Know_It,199480,0.707
Cobra_Starship,You_Make_Me_Feel...,215693,0.668
Jessie_J,Do_It_Like_A_Dude,195240,0.663
DJ_Fresh,Louder,206776,0.31
Waka_Flocka_Flame,No_Hands,263773,0.76
Nickelback,When_We_Stand_Together,190786,0.446
M83,Midnight_City,243960,0.507
Britney_Spears,Till_the_World_Ends,237946,0.693
Labrinth,Earthquake,274600,0.54
Jason_Derulo,Don't_Wanna_Go_Home,206080,0.671
Coldplay,Paradise,278719,0.449
Katy_Perry,Last_Friday_Night,230746,0.649
Adele,Set_Fire_to_the_Rain,242973,0.603
Dr._Dre,I_Need_A_Doctor,283733,0.594
Lil_Wayne,6_Foot_7_Foot,248586,0.364
DJ_Khaled,I'm_On_One,296146,0.413
Chris_Brown,Look_At_Me_Now,222586,0.767
Far_East_Movement,Rocketeer,211253,0.664
The_Wanted,Glad_You_Came,197935,0.722
Kesha,We_R_Who_We_R,204760,0.736
Kelly_Rowland,Motivation,230560,0.744
Rihanna,We_Found_Love,215226,0.735
Nicole_Scherzinger,Don't_Hold_Your_Breath,197440,0.66
Mann,Buzzin_Remix,224333,0.687
Chris_Brown,Yeah_3x,241666,0.705
Swedish_House_Mafia,Save_The_World,213337,0.507
Kanye_West,All_Of_The_Lights,299613,0.531
Miguel,Sure_Thing,195373,0.684
Diddy,Coming_Home,238693,0.392
Rihanna,What's_My_Name?,263173,0.692
Chris_Brown,Beautiful_People,225881,0.415
Avril_Lavigne,What_the_Hell,220706,0.578
Professor_Green,Read_All_About_It,235735,0.656
Chase_&_Status,Blind_Faith,233666,0.45
Chip,Champion,237293,0.415
Selena_Gomez_&_The_Scene,Who_Says,195613,0.682
Rizzle_Kicks,Down_With_The_Trumpets,186851,0.753
Lady_Gaga,Born_This_Way,260253,0.587
Nicki_Minaj,Super_Bass,200013,0.72
Mac_Miller,Donald_Trump,165908,0.636
Calvin_Harris,Bounce,222186,0.779
David_Guetta,Without_You,208133,0.608
Foster_The_People,Pumped_Up_Kicks,239600,0.733
Drake,Headlines,235986,0.636
Jessie_J,Price_Tag,223053,0.636
Jason_Aldean,Dirt_Road_Anthem,229413,0.678
Wiz_Khalifa,Roll_Up,227773,0.523
OneRepublic,Good_Life,253306,0.634
Bad_Meets_Evil,Lighters,303813,0.676
Bruno_Mars,The_Lazy_Song,189109,0.794
Lupe_Fiasco,The_Show_Goes_On,239613,0.591
James_Morrison,I_Won't_Let_You_Go,229303,0.537
Jason_Derulo,It_Girl,192200,0.668
Adele,Someone_Like_You,285240,0.554
Red_Hot_Chili_Peppers,The_Adventures_of_Rain_Dance_Maggie,282400,0.683
Keri_Hilson,Pretty_Girl_Rock,243920,0.666
P!nk,F**kin'_Perfect,213413,0.563
Blake_Shelton,Honey_Bee,210720,0.481
Lady_Gaga,The_Edge_Of_Glory,320546,0.583
Lady_A,Just_A_Kiss,218840,0.593
Hot_Chelle_Rae,Tonight_Tonight,200466,0.686
Grouplove,Tongue_Tied,218013,0.56
Coldplay,Every_Teardrop_Is_a_Waterfall,240796,0.425
Beyonce,Best_Thing_I_Never_Had,253746,0.545
P!nk,Raise_Your_Glass,202960,0.7
Christina_Perri,Jar_of_Hearts,246587,0.349
Bruno_Mars,Marry_You,230192,0.621
The_Band_Perry,If_I_Die_Young,222773,0.606
Lil_Wayne,How_To_Love,240306,0.644
Charlene_Soraia,Wherever_You_Will_Go,197577,0.597
Christina_Perri,A_Thousand_Years,285120,0.421
Rihanna,We_Found_Love,215226,0.735
Carly_Rae_Jepsen,Call_Me_Maybe,193400,0.783
fun.,We_Are_Young,250626,0.378
Sean_Paul,She_Doesn't_Mind,227786,0.718
Pitbull,International_Love,227280,0.67
DEV,In_The_Dark,226226,0.736
Adele,Skyfall,286480,0.346
David_Guetta,Turn_Me_On,199680,0.704
Rihanna,Where_Have_You_Been,242680,0.719
JAY,Ni**as_In_Paris,219333,0.789
Maroon_5,One_More_Night,219546,0.716
Skrillex,Bangarang,215253,0.716
The_Wanted,Chasing_The_Sun,198800,0.637
Flo_Rida,Whistle,224653,0.747
will.i.am,This_Is_Love,279026,0.535
David_Guetta,She_Wolf,222500,0.492
Nicki_Minaj,Pound_The_Alarm,205640,0.728
Kendrick_Lamar,Swimming_Pools,313786,0.716
MARINA,Primadonna,221075,0.66
Kanye_West,Mercy,329320,0.563
DJ_Fresh,Hot_Right_Now,182333,0.524
LMFAO,Sexy_And_I_Know_It,199480,0.707
PSY,Gangnam_Style,219493,0.727
Kesha,Die_Young,211920,0.711
Usher,Scream,234693,0.616
Olly_Murs,Troublemaker,185586,0.762
Linkin_Park,BURN_IT_DOWN,230253,0.585
Bruno_Mars,Locked_out_of_Heaven,233478,0.726
Avicii,Levels,199906,0.584
Flo_Rida,Good_Feeling,248133,0.706
Rihanna,Diamonds,225146,0.564
Wiz_Khalifa,Work_Hard_Play_Hard,219026,0.787
Katy_Perry,Part_Of_Me,216160,0.678
Nicki_Minaj,Starships,210626,0.747
Kendrick_Lamar,m.A.A.d_city,350120,0.487
Asaf_Avidan_&_the_Mojos,One_Day_/_Reckoning_Song,212360,0.821
Florence_+_The_Machine,Spectrum,218190,0.578
Azealia_Banks,212,204956,0.847
Maroon_5,Payphone,231173,0.743
James_Arthur,Impossible,209440,0.376
Michel_Telo,Ai_Se_Eu_Te_Pego,166866,0.676
Otto_Knows,Million_Voices,192866,0.582
Icona_Pop,I_Love_It,156773,0.71
Tyga,Rack_City,203200,0.929
Calvin_Harris,Feel_So_Close,206413,0.707
Jennifer_Lopez,Dance_Again,237266,0.797
Grimes,Oblivion,251266,0.697
Adele,Rumour_Has_It,223266,0.612
Coldplay,Paradise,278719,0.449
Chris_Brown,Turn_Up_the_Music,227973,0.594
Frank_Ocean,Lost,234093,0.913
Calvin_Harris,Let's_Go,232800,0.71
The_Script,Hall_of_Fame,202533,0.421
Swedish_House_Mafia,Don't_You_Worry_Child,212862,0.612
MARINA,How_to_Be_a_Heartbreaker,221493,0.69
Justin_Bieber,Boyfriend,171333,0.717
David_Guetta,Titanium,245040,0.604
Jessie_J,Domino,231840,0.758
Taylor_Swift,I_Knew_You_Were_Trouble.,219720,0.622
ScHoolboy_Q,Hands_on_the_Wheel,197131,0.646
P!nk,Try,247906,0.674
Robbie_Williams,Candy,201053,0.715
Snoop_Dogg,Young_Wild_&_Free,207333,0.715
Justin_Bieber,As_Long_As_You_Love_Me,229466,0.571
Rita_Ora,R.I.P.,228026,0.603
Alex_Clare,Too_Close,256613,0.588
Tyga,Faded,206666,0.831
Alesso,Years,195480,0.37
Guy_Sebastian,Battle_Scars,250080,0.61
Katy_Perry,The_One_That_Got_Away,227333,0.687
Avicii,Silhouettes,211880,0.605
Gotye,Somebody_That_I_Used_To_Know,244884,0.863
Flo_Rida,Wild_Ones,232946,0.608
One_Direction,What_Makes_You_Beautiful,199986,0.726
Lana_Del_Rey,Born_To_Die,286253,0.18
Kesha,C'Mon,214333,0.558
Owl_City,Good_Time,205933,0.56
Calvin_Harris,We'll_Be_Coming_Back,234360,0.596
Emeli_Sande,Read_All_About_It_Pt._III,283706,0.63
Ellie_Goulding,Lights,210853,0.682
Train,Drive_By,195973,0.765
Disclosure,Latch,255631,0.503
Coldplay,Princess_of_China,239215,0.42
One_Direction,Live_While_We're_Young,200186,0.658
Gym_Class_Heroes,Ass_Back_Home,222213,0.716
Carrie_Underwood,Blown_Away,240133,0.531
alt-j,Breezeblocks,227080,0.616
Chris_Brown,Don't_Wake_Me_Up,222306,0.602
Kelly_Clarkson,Stronger,221946,0.562
Drake,The_Motto,181573,0.766
Katy_Perry,Wide_Awake,220946,0.514
Rita_Ora,How_We_Do,247026,0.738
Rudimental,Feel_the_Love,245186,0.389
Lana_Del_Rey,Ride,289080,0.373
Ne,Let_Me_Love_You,251626,0.658
Demi_Lovato,Give_Your_Heart_a_Break,205346,0.651
Drake,Take_Care,277386,0.629
Little_Mix,Wings,219733,0.738
Bruno_Mars,It_Will_Rain,257720,0.576
Cher_Lloyd,Want_U_Back,214013,0.696
Lorde,Royals,190185,0.674
Robin_Thicke,Blurred_Lines,263053,0.861
Imagine_Dragons,Radioactive,186813,0.448
Avicii,Wake_Me_Up,247426,0.532
Bruno_Mars,Locked_out_of_Heaven,233478,0.726
Macklemore_&_Ryan_Lewis,Thrift_Shop,235613,0.781
Daft_Punk,Get_Lucky,248413,0.794
will.i.am,Scream_&_Shout,283400,0.772
Stromae,Papaoutai,232146,0.733
Bingo_Players,Get_Up,166933,0.801
Naughty_Boy,La_La_La,220779,0.754
Tom_Odell,Another_Love,244360,0.445
2_Chainz,We_Own_It,227906,0.563
David_Guetta,Play_Hard,201000,0.691
Pitbull,Feel_This_Moment,229506,0.673
will.i.am,#thatPOWER,279506,0.797
Lil_Wayne,Love_Me,255053,0.669
Macklemore_&_Ryan_Lewis,Can't_Hold_Us,258342,0.641
Martin_Garrix,Animals,176117,0.593
Jason_Derulo,Talk_Dirty,177685,0.76
John_Newman,Love_Me_Again,239894,0.495
Britney_Spears,Work_B**ch,247853,0.63
The_Neighbourhood,Sweater_Weather,240400,0.612
Sebastian_Ingrosso,Reload,221272,0.485
Capital_Cities,Safe_And_Sound,192693,0.652
Demi_Lovato,Heart_Attack,210840,0.504
Arctic_Monkeys,Why'd_You_Only_Call_Me_When_You're_High?,161123,0.691
Justin_Bieber,Beauty_And_A_Beat,227986,0.602
Eminem,The_Monster,250188,0.781
Pitbull,Don't_Stop_the_Party,206120,0.722
Selena_Gomez,Come_&_Get_It,231986,0.546
P!nk,True_Love,230733,0.457
Disclosure,White_Noise,277687,0.665
Flo_Rida,I_Cry,223800,0.693
Kanye_West,Black_Skinhead,188013,0.578
Lana_Del_Rey,Summertime_Sadness,214912,0.572
Eminem,Berzerk,238746,0.739
Icona_Pop,I_Love_It,157152,0.711
Fall_Out_Boy,My_Songs_Know_What_You_Did_In_The_Dark,186826,0.558
Lorde,Team,193058,0.691
Avicii,I_Could_Be_The_One,208316,0.509
Imagine_Dragons,Demons,177506,0.505
One_Direction,One_Way_or_Another,157293,0.489
Taylor_Swift,I_Knew_You_Were_Trouble.,219720,0.622
Arctic_Monkeys,Do_I_Wanna_Know?,272394,0.548
Rudimental,Waiting_All_Night,292586,0.544
Klangkarussell,Sonnentanz,238120,0.579
Calvin_Harris,Drinking_from_the_Bottle,240346,0.665
A$AP_Rocky,F**kin'_Problems,233786,0.853
P!nk,Try,247906,0.674
Ylvis,The_Fox,213708,0.703
Ellie_Goulding,Burn,231211,0.559
Baauer,Harlem_Shake,196664,0.452
Calvin_Harris,I_Need_Your_Love,234506,0.695
Katy_Perry,This_Is_How_We_Do,204285,0.69
AWOLNATION,Sail,259102,0.825
Duke_Dumont,Need_U,174853,0.681
Jason_Derulo,The_Other_Side,226986,0.561
Storm_Queen,Look_Right_Through,150400,0.832
Calvin_Harris,Sweet_Nothing,212560,0.573
Katy_Perry,Unconditionally,228878,0.555
Wale,Bad,238826,0.807
Ciara,Body_Party,234040,0.577
Drake,Started_From_the_Bottom,174120,0.794
Birdy,Wings,252106,0.474
Bastille,Of_The_Night,214205,0.67
Olly_Murs,Dear_Darlin',206373,0.512
Katy_Perry,Roar,223546,0.554
Blake_Shelton,Sure_Be_Cool_If_You_Did,215720,0.576
Calvin_Harris,Thinking_About_You,247933,0.725
JAY,Holy_Grail,338413,0.676
Bridgit_Mendler,Ready_or_Not,200946,0.715
The_Saturdays,What_About_Us,220682,0.704
Bastille,Pompeii,214147,0.679
One_Direction,Best_Song_Ever,200106,0.652
Nelly,Hey_Porsche,209466,0.726
Zedd,Clarity,271426,0.523
Miley_Cyrus,Wrecking_Ball,221360,0.53
Chris_Brown,Fine_China,213666,0.659
Daft_Punk,Lose_Yourself_to_Dance,353893,0.832
Armin_van_Buuren,This_Is_What_It_Feels_Like,204360,0.551
Justin_Timberlake,Mirrors,484146,0.574
Bruno_Mars,Treasure,178560,0.874
Of_Monsters_and_Men,Little_Talks,266600,0.457
Miley_Cyrus,We_Can't_Stop,231240,0.613
J._Cole,Power_Trip,241160,0.667
Paramore,Still_into_You,216013,0.602
Christina_Perri,human,250706,0.439
Drake,Hold_On_We're_Going_Home,227880,0.773
James_Blunt,Bonfire_Heart,238000,0.575
Maroon_5,Daylight,225066,0.656
Childish_Gambino,3005,235662,0.681
Avril_Lavigne,Here's_to_Never_Growing_Up,214080,0.483
Taylor_Swift,22,232120,0.661
Passenger,Let_Her_Go,252866,0.509
Ariana_Grande,The_Way,227026,0.645
Rihanna,Stay,240706,0.621
Justin_Timberlake,Suit_&_Tie,326280,0.795
Bruno_Mars,When_I_Was_Your_Man,213826,0.612
Florida_Georgia_Line,Cruise,208960,0.457
Pharrell_Williams,Happy,232720,0.647
Katy_Perry,Dark_Horse,215672,0.647
ScHoolboy_Q,Collard_Greens,299960,0.826
Iggy_Azalea,Fancy,199938,0.912
Maroon_5,Animals,231013,0.279
Sam_Smith,Stay_With_Me,172723,0.418
MAGIC!,Rude,224840,0.773
Sia,Chandelier,216120,0.399
John_Legend,All_of_Me,269560,0.422
ZHU,Faded,223386,0.861
Meghan_Trainor,All_About_That_Bass,187920,0.807
David_Guetta,Lovers_on_the_Sun,203520,0.645
Iggy_Azalea,Black_Widow,209423,0.743
Tove_Lo,Habits,209160,0.733
Oliver_Heldens,Gecko,165440,0.609
DJ_Snake,You_Know_You_Like_It,247266,0.407
Jason_Derulo,Talk_Dirty,177685,0.76
Maroon_5,Maps,189840,0.737
David_Guetta,Bad,170625,0.614
Tinashe,2_On,227000,0.742
Route_94,My_Love,259934,0.814
Taylor_Swift,Bad_Blood,211933,0.646
Trey_Songz,Na_Na,231906,0.67
Calvin_Harris,Under_Control,184280,0.544
O.T._Genasis,CoCo,239573,0.886
Jason_Derulo,Wiggle,193295,0.697
Lilly_Wood_and_The_Prick,Prayer_in_C,189399,0.76
Jeremih,Don't_Tell_'Em,266840,0.856
Nicki_Minaj,Anaconda,260240,0.964
Calvin_Harris,Blame,212960,0.414
DJ_Snake,Turn_Down_for_What,213733,0.818
Pitbull,Timber,204160,0.581
OneRepublic,Counting_Stars,257386,0.663
Bobby_Shmurda,Hot_N*gga,194561,0.794
Calvin_Harris,Summer,224506,0.603
ScHoolboy_Q,Man_Of_The_Year,216013,0.743
Nico_&_Vinz,Am_I_Wrong,245866,0.729
Becky_G,Shower,206166,0.699
Sigma,Nobody_To_Love,189720,0.441
The_Chainsmokers,#SELFIE,183750,0.789
Lorde,Team,193058,0.69
Rixton,Me_And_My_Broken_Heart,193733,0.545
Klingande,Jubel,201626,0.686
Mr._Probz,Waves,208133,0.829
Paloma_Faith,Only_Love_Can_Hurt_Like_This,232893,0.566
Kiesza,Hideaway,251986,0.838
Ellie_Goulding,Burn,231211,0.559
Ariana_Grande,Break_Free,214840,0.687
Kid_Ink,Show_Me,217800,0.711
Tove_Lo,Talking_Body,238426,0.736
Chris_Brown,Loyal,264946,0.841
OneRepublic,Love_Runs_Out,224226,0.719
Olly_Murs,Up,224293,0.69
Peking_Duk,High,228000,0.525
Milky_Chance,Stolen_Dance,313684,0.885
Ed_Sheeran,Don't,219840,0.806
Ariana_Grande,Love_Me_Harder,236133,0.472
Enrique_Iglesias,Bailando,243386,0.718
Avicii,Hey_Brother,255093,0.545
Jessie_J,Bang_Bang,199386,0.706
Duke_Dumont,I_Got_U,285596,0.636
Gorgon_City,Ready_For_Your_Love,198880,0.677
Taylor_Swift,Style,231000,0.588
MKTO,Classic,175426,0.72
Disclosure,Latch,255631,0.503
Ariana_Grande,Problem,193920,0.66
Charli_XCX,Boom_Clap,169866,0.659
One_Direction,Steal_My_Girl,228133,0.536
Tiesto,Red_Lights,263890,0.653
Selena_Gomez,The_Heart_Wants_What_It_Wants,227360,0.616
Rita_Ora,I_Will_Never_Let_You_Down,203466,0.753
5_Seconds_of_Summer,She_Looks_So_Perfect,202496,0.494
The_Script,Superheroes,245466,0.49
Taylor_Swift,Shake_It_Off,219200,0.647
One_Direction,Night_Changes,226600,0.672
Ed_Sheeran,Sing,235382,0.818
Alesso,Heroes,209866,0.521
Tiesto,Wasted,188371,0.645
G.R.L.,Ugly_Heart,198306,0.65
Coldplay,A_Sky_Full_of_Stars,267866,0.545
Clean_Bandit,Rather_Be,227833,0.799
Zedd,Stay_The_Night,217346,0.596
Sia,Elastic_Heart,257200,0.421
One_Direction,Story_of_My_Life,245493,0.6
Alex_&_Sierra,Little_Do_You_Know,185200,0.5
Omarion,Post_to_Be,226580,0.733
Echosmith,Cool_Kids,237626,0.719
Natalie_La_Rose,Somebody,189906,0.83
Vance_Joy,Riptide,204280,0.484
Beyonce,Drunk_in_Love,323480,0.589
Maroon_5,Sugar,235493,0.744
Ella_Henderson,Ghost,213213,0.68
Ed_Sheeran,I_See_Fire,300840,0.581
Chris_Brown,New_Flame,244226,0.702
Sheppard,Geronimo,218227,0.707
Olly_Murs,Wrapped_Up,185640,0.787
Sam_Smith,Money_On_My_Mind,192670,0.688
Jason_Derulo,Trumpets,217306,0.627
Nicki_Minaj,Bed_Of_Lies,269946,0.716
Nick_Jonas,Jealous,222213,0.685
Mark_Ronson,Uptown_Funk,269666,0.856
Ed_Sheeran,Thinking_out_Loud,281560,0.781
Wiz_Khalifa,See_You_Again,229525,0.689
Justin_Bieber,What_Do_You_Mean?,205680,0.845
Major_Lazer,Lean_On,176561,0.723
The_Weeknd,Earned_It,252226,0.659
Ellie_Goulding,Love_Me_Like_You_Do,252534,0.262
Calvin_Harris,Outside,227266,0.646
David_Guetta,Hey_Mama,192560,0.596
Demi_Lovato,Cool_for_the_Summer,214746,0.586
Taylor_Swift,Blank_Space,231826,0.76
The_Weeknd,The_Hills,242253,0.585
The_Neighbourhood,Daddy_Issues,260173,0.588
Deorro,Five_More_Hours,211975,0.699
Avicii,The_Nights,176658,0.527
DJ_Snake,You_Know_You_Like_It,247266,0.407
Adam_Lambert,Ghost_Town,208330,0.703
Rae_Sremmurd,No_Type,200080,0.891
Taylor_Swift,Bad_Blood,200106,0.654
Flo_Rida,GDFR,190185,0.657
Robin_Schulz,Sugar,219043,0.636
Calvin_Harris,How_Deep_Is_Your_Love,212640,0.738
Philip_George,Wish_You_Were_Mine,177560,0.654
Trey_Songz,Na_Na,231906,0.67
Fall_Out_Boy,Centuries,228360,0.393
Rob_$tone,Chill_Bill,177184,0.886
Lost_Frequencies,Are_You_With_Me,138842,0.776
Twenty_One_Pilots,Stressed_Out,202333,0.734
Fifth_Harmony,Worth_It,224573,0.884
KALEO,Way_down_We_Go,219560,0.59
Sam_Smith,Like_I_Can,167065,0.656
Major_Lazer,Light_It_Up,166138,0.746
Martin_Solveig,Intoxicated,159693,0.8
Avicii,Waiting_For_Love,230613,0.579
Felix_Jaehn,Ain't_Nobody,186146,0.778
Taylor_Swift,Wildest_Dreams,220440,0.553
The_Weeknd,In_The_Night,235653,0.48
Pitbull,Time_of_Our_Lives,229360,0.721
Galantis,Runaway,227073,0.506
Rihanna,Bitch_Better_Have_My_Money,219305,0.781
Zara_Larsson,Lush_Life,202213,0.658
One_Direction,Drag_Me_Down,192120,0.73
Travis_Scott,Antidote,262693,0.713
Years_&_Years,King,215360,0.559
Demi_Lovato,Confident,205745,0.594
Lemaitre,Closer,270589,0.583
Selena_Gomez,Same_Old_Love,229080,0.672
Pia_Mia,Do_It_Again,207746,0.712
Flo_Rida,My_House,192190,0.688
Silento,Watch_Me,185131,0.819
Chris_Brown,Ayo,225226,0.823
The_Strumbellas,Spirits,203653,0.556
Fetty_Wap,Trap_Queen,222093,0.746
Tove_Lo,Talking_Body,238426,0.736
Beyonce,11,213506,0.747
Lana_Del_Rey,High_By_The_Beach,257573,0.536
Zara_Larsson,Never_Forget_You,213427,0.583
Jeremih,oui,238320,0.418
Drake,Hotline_Bling,267066,0.891
Selena_Gomez,Kill_Em_With_Kindness,217906,0.757
Birdy,Let_It_All_Go,280757,0.383
Fetty_Wap,679,196693,0.618
Ariana_Grande,Love_Me_Harder,236133,0.472
The_Weeknd,Can't_Feel_My_Face,213520,0.705
SAYGRACE,You_Don't_Own_Me,199314,0.336
X_Ambassadors,Renegades,195200,0.526
R._City,Locked_Away,227480,0.509
Kygo,Stole_the_Show,223186,0.64
Tame_Impala,The_Less_I_Know_The_Better,216320,0.64
Selena_Gomez,Good_For_You,221560,0.6
Fetty_Wap,My_Way,213053,0.748
Hozier,Take_Me_To_Church,241688,0.566
Taylor_Swift,Style,231000,0.588
Alessia_Cara,Here,199453,0.379
Sam_Smith,Writing's_On_The_Wall,278987,0.261
David_Guetta,Bang_My_Head,193333,0.599
Meek_Mill,All_Eyes_on_You,223973,0.589
Big_Sean,I_Don't_Fuck_With_You,284386,0.824
Kygo,Firestone,271640,0.704
Drake,Jumpman,205879,0.853
Petit_Biscuit,Sunset_Lover,237792,0.783
Shawn_Mendes,Stitches,206880,0.746
Flo_Rida,I_Don't_Like_It_I_Love_It,224258,0.854
Selena_Gomez,The_Heart_Wants_What_It_Wants,227373,0.616
Jack_U,Where_Are_U_Now,250285,0.432
Ellie_Goulding,On_My_Mind,213445,0.699
Bryson_Tiller,Don't,198293,0.765
Rich_Homie_Quan,Flex,176674,0.676
Joel_Adams,Please_Don't_Go,210580,0.513
Zedd,I_Want_You_To_Know,238800,0.561
Jonas_Blue,Fast_Car,212424,0.644
BARNS,Electric_Love,218173,0.373
Sigala,Easy_Love,229813,0.68
Justin_Bieber,Sorry,200786,0.654
Ariana_Grande,One_Last_Time,197266,0.628
Little_Mix,Black_Magic,211773,0.777
One_Direction,Perfect,230333,0.647
Years_&_Years,Shine,255506,0.667
Meghan_Trainor,Lips_Are_Movin,182666,0.775
Nicky_Jam,El_Perdon,206666,0.736
The_Weeknd,Starboy,230453,0.681
Drake,One_Dance,173986,0.792
Justin_Bieber,Love_Yourself,233720,0.609
The_Chainsmokers,Closer,244960,0.748
Adele,Hello,295502,0.471
Desiigner,Panda,246761,0.576
Burak_Yeter,Tuesday,241874,0.841
Sia,Cheap_Thrills,224813,0.592
OneRepublic,Wherever_I_Go,169773,0.552
Rihanna,Work,219320,0.725
Coldplay,Hymn_for_the_Weekend,258266,0.491
Justin_Bieber,Sorry,200786,0.654
Justin_Timberlake,CAN'T_STOP_THE_FEELING!,236001,0.666
WILLOW,Wait_a_Minute!,196520,0.764
Desiigner,Tiimmy_Turner,239853,0.603
G,Me_Myself_&_I,251466,0.756
David_Guetta,This_One's_for_You,207272,0.367
Astrid_S,Hurts_So_Good,208728,0.672
Lil_Wayne,Sucker_for_Pain,243490,0.502
Twenty_One_Pilots,Heathens,195920,0.732
Future,Low_Life,313546,0.722
Galantis,No_Money,189126,0.671
The_Chainsmokers,Don't_Let_Me_Down,208373,0.532
Tinie_Tempah,Girls_Like,196000,0.916
Alok,Hear_Me_Now,192846,0.788
Jon_Bellion,All_Time_Low,217603,0.617
Cheat_Codes,Sex,228361,0.51
Meghan_Trainor,NO,213506,0.557
Dua_Lipa,Hotter_Than_Hell,187957,0.532
Martin_Garrix,In_the_Name_of_Love,195706,0.501
Alan_Walker,Faded,212106,0.468
Tove_Lo,Cool_Girl,197815,0.674
DJ_Snake,Let_Me_Love_You,205946,0.649
Calvin_Harris,This_Is_What_You_Came_For,222160,0.631
Mike_Posner,I_Took_A_Pill_In_Ibiza,197933,0.664
Kevin_Gates,2_Phones,240000,0.895
Rihanna,Needed_Me,191600,0.671
Ariana_Grande,Side_To_Side,226160,0.648
Marshmello,Alone,273802,0.631
Shawn_Mendes,I_Know_What_You_Did_Last_Summer,223853,0.687
Selena_Gomez,Same_Old_Love,229080,0.672
Calvin_Harris,My_Way,219159,0.818
Fitz_and_The_Tantrums,HandClap,193253,0.636
Twenty_One_Pilots,Ride,214506,0.645
Flo_Rida,My_House,192190,0.688
Ariana_Grande,Dangerous_Woman,235946,0.677
Anne,Alarm,205593,0.756
Charlie_Puth,We_Don't_Talk_Anymore,217706,0.728
AlunaGeorge,I'm_In_Control,209425,0.734
Enrique_Iglesias,DUELE_EL_CORAZON,199693,0.716
MNEK,Never_Forget_You,213427,0.583
Mike_Perry,The_Ocean,183414,0.632
Drake,Hotline_Bling,267066,0.903
Ariana_Grande,Into_You,244453,0.623
Shawn_Mendes,Treat_You_Better,187973,0.444
Tory_Lanez,Say_It,237786,0.546
Coldplay,Adventure_of_a_Lifetime,263786,0.638
Kungs,This_Girl,195561,0.79
SAYGRACE,You_Don't_Own_Me,201493,0.332
X_Ambassadors,Renegades,195200,0.526
DNCE,Cake_By_The_Ocean,219146,0.774
99_Souls,The_Girl_Is_Mine,216613,0.683
Illy,Papercuts,255889,0.369
Kiiara,Gold,225882,0.6
Kygo,Stole_the_Show,222813,0.678
Fifth_Harmony,Work_from_Home,214480,0.803
Drake,Pop_Style,212946,0.713
ZAYN,PILLOWTALK,203686,0.588
Alessia_Cara,Here,199453,0.376
DJ_Snake,Middle,220573,0.611
Sigala,Sweet_Lovin',202149,0.683
Drake,Jumpman,205879,0.852
Charlie_Puth,Dangerously,199133,0.696
Nick_Jonas,Close,234213,0.654
Jonas_Blue,Perfect_Strangers,196613,0.742
Major_Lazer,Cold_Water,185351,0.608
The_Chainsmokers,Roses,226738,0.713
Tory_Lanez,LUV,228640,0.688
P!nk,Just_Like_Fire,215413,0.632
Bryson_Tiller,Don't,198293,0.765
Steve_Aoki,Just_Hold_On,198774,0.647
Clean_Bandit,Tears,225914,0.605
Jonas_Blue,Fast_Car,212424,0.459
Flume,Never_Be_Like_You,233337,0.443
Bastille,Good_Grief,206493,0.73
Sia,The_Greatest,210226,0.668
PARTYNEXTDOOR,Not_Nice,202661,0.598
Garrett_Nash,i_hate_u_i_love_u,251033,0.492
Hilltop_Hoods,1955,239280,0.766
Fifth_Harmony,All_In_My_Head,210573,0.689
Daya,Sit_Still_Look_Pretty,202221,0.657
Kent_Jones,Don't_Mind,198236,0.464
Flume,Say_It,262521,0.581
Bryson_Tiller,Exchange,194613,0.525
Mo,Final_Song,235826,0.695
Beyonce,Sorry,232560,0.775
Little_Mix,Shout_Out_to_My_Ex,246240,0.773
The_Lumineers,Ophelia,160097,0.664
Frank_Ocean,Pink_+_White,184516,0.544
Drake,Too_Good,263373,0.794
Ed_Sheeran,Shape_of_You,233712,0.825
Sean_Paul,No_Lie,221176,0.742
Luis_Fonsi,Despacito,228200,0.66
Sam_Smith,Too_Good_At_Goodbyes,201000,0.681
Clean_Bandit,Rockabye,251088,0.72
Camila_Cabello,Havana,216896,0.768
Imagine_Dragons,Thunder,187146,0.6
Maroon_5,Don't_Wanna_Know,214265,0.783
The_Chainsmokers,Something_Just_Like_This,247160,0.617
Ed_Sheeran,Perfect,263400,0.599
MGMT,Little_Dark_Age,299960,0.705
Travis_Scott,goosebumps,243836,0.841
Billie_Eilish,Bored,180933,0.614
Future,Mask_Off,204600,0.833
G,Him_&_I,268866,0.589
Maroon_5,Cold,234308,0.697
Rae_Sremmurd,Swang,208120,0.681
Lil_Peep,Save_That_Shit,231546,0.534
A$AP_Ferg,Plain_Jane,173600,0.797
French_Montana,Unforgettable,233901,0.726
21_Savage,Bank_Account,220306,0.884
Axwell_/\_Ingrosso,More_Than_You_Know,203000,0.645
ZAYN,Dusk_Till_Dawn,239000,0.259
J_Balvin,Mi_Gente,189029,0.548
Jax_Jones,You_Don't_Know_Me,213946,0.876
Rae_Sremmurd,Black_Beatles,291893,0.794
Zara_Larsson,Ain't_My_Fault,224030,0.576
Travis_Scott,BUTTERFLY_EFFECT,190677,0.763
Ayo_&_Teo,Rolex,238586,0.804
Lil_Uzi_Vert,XO_Tour_Llif3,182706,0.732
Imagine_Dragons,Whatever_It_Takes,201240,0.672
Rob_$tone,Chill_Bill,177184,0.886
Jason_Derulo,Swalla,216408,0.696
G,No_Limit,245386,0.838
Playboi_Carti,Magnolia,181812,0.791
Chord_Overstreet,Hold_On,198853,0.618
Jax_Jones,Breathe,207629,0.722
Imagine_Dragons,Believer,204346,0.779
Natti_Natasha,Criminal,232549,0.814
Kendrick_Lamar,HUMBLE.,177000,0.906
Selena_Gomez,Fetish,186112,0.708
Charlie_Puth,Attention,211475,0.774
Big_Shaq,Man's_Not_Hot,186026,0.905
Anne,Ciao_Adios,200104,0.698
Rag'n'Bone_Man,Human,200186,0.602
blackbear,do_re_mi,212027,0.745
Lil_Pump,Gucci_Gang,124055,0.936
Taylor_Swift,Look_What_You_Made_Me_Do,211853,0.766
Enrique_Iglesias,SUBEME_LA_RADIO,207680,0.688
Kodak_Black,Tunnel_Vision,268186,0.497
Kendrick_Lamar,DNA.,185946,0.636
A_Boogie_Wit_da_Hoodie,Drowning,209269,0.839
XXXTENTACION,Jocelyn_Flores,119133,0.872
Migos,Bad_and_Boujee,343150,0.926
Yo_Gotti,Rake_It_Up,276333,0.91
Martin_Garrix,Scared_to_Be_Lonely,220883,0.584
Jonas_Blue,Mama,181614,0.739
Martin_Jensen,Solo_Dance,174933,0.744
Taylor_Swift,...Ready_For_It?,208186,0.613
David_Guetta,2U,194896,0.548
Migos,Slippery,304041,0.92
Shawn_Mendes,There's_Nothing_Holdin'_Me_Back,199440,0.857
G,Good_Life,225520,0.572
The_Vamps,All_Night,197640,0.538
Dua_Lipa,New_Rules,212000,0.763
Cardi_B,Bodak_Yellow,223962,0.929
Rag'n'Bone_Man,Skin,239626,0.564
Zara_Larsson,I_Would_Like,226720,0.486
DJ_Khaled,Wild_Thoughts,204173,0.671
Post_Malone,Congratulations,220293,0.63
Avicii,Without_You,181672,0.662
Clean_Bandit,Symphony,214866,0.718
Katy_Perry,Chained_To_The_Rhythm,237733,0.562
Zay_Hilfigerrr,Juju_on_That_Beat,144244,0.807
Calvin_Harris,Feels,223413,0.893
Migos,T,242407,0.865
OneRepublic,Rich_Love,201256,0.401
Maggie_Lindemann,Pretty_Girl,193613,0.703
Macklemore,Glorious,220454,0.731
Hayden_James,NUMB,217296,0.617
Liam_Payne,Strip_That_Down,204502,0.869
Drake,Passionfruit,298940,0.809
Justin_Bieber,Friends,189466,0.744
ZAYN,I_Dont_Wanna_Live_Forever,245200,0.735
Alessia_Cara,Scars_To_Your_Beautiful,230226,0.319
2_Chainz,It's_A_Vibe,210200,0.822
Starley,Call_on_Me,222040,0.67
AJR,Weak,201160,0.673
Lana_Del_Rey,Lust_for_Life,264011,0.499
CNCO,Reggaeton_Lento,188786,0.623
The_Vamps,Middle_Of_The_Night,174600,0.588
The_Weeknd,I_Feel_It_Coming,269186,0.773
The_Chainsmokers,Paris,221506,0.653
Big_Sean,Bounce_Back,222360,0.78
Shawn_Mendes,Mercy,208733,0.561
Avicii,Lonely_Together,181812,0.655
Cheat_Codes,No_Promises,223503,0.741
Bruno_Mars,24K_Magic,225983,0.818
Lorde,Homemade_Dynamite,214254,0.781
Kygo,It_Ain't_Me,220780,0.64
Drake,God's_Plan,198973,0.754
Post_Malone,rockstar,218146,0.585
Offset,Ric_Flair_Drip,172800,0.88
G,Him_&_I,268866,0.589
Dynoro,In_My_Mind,184560,0.694
Juice_WRLD,Lucid_Dreams,239835,0.511
Zedd,The_Middle,184732,0.753
Marshmello,FRIENDS,202620,0.626
Cardi_B,I_Like_It,253390,0.816
XXXTENTACION,Moonlight,135090,0.921
Ariana_Grande,no_tears_left_to_cry,205920,0.699
Sheck_Wes,Mo_Bamba,183906,0.729
Calvin_Harris,One_Kiss,214846,0.791
Tyga,Taste,232959,0.884
Travis_Scott,SICKO_MODE,312820,0.834
Imagine_Dragons,Natural,189466,0.704
DJ_Snake,Taki_Taki,212500,0.842
Marshmello,Spotlight,177600,0.546
The_Weeknd,Pray_For_Me,211440,0.735
Billie_Eilish,lovely,200185,0.351
Migos,Walk_It_Talk_It,276147,0.907
Clean_Bandit,Solo,222653,0.737
Drake,Nonstop,238614,0.912
6ix9ine,FEFE,179404,0.931
The_Weeknd,Call_Out_My_Name,228373,0.461
Nio_Garcia,Te_Bote,417920,0.903
Migos,MotorSport,303076,0.904
Nicky_Jam,X,172854,0.594
XXXTENTACION,SAD!,166605,0.74
Becky_G,Sin_Pijama,188560,0.791
Machine_Gun_Kelly,Home,202804,0.653
6ix9ine,GUMMO,157643,0.66
Jax_Jones,Breathe,207629,0.722
The_Chainsmokers,Sick_Boy,193200,0.663
Jay_Rock,King's_Dead,229670,0.645
Rich_The_Kid,Plug_Walk,175229,0.876
Kendrick_Lamar,All_The_Stars,232186,0.698
Logic,Everyday,204746,0.667
Jason_Derulo,Tip_Toe,187521,0.845
Ariana_Grande,God_is_a_woman,197546,0.602
Rae_Sremmurd,Powerglide,332300,0.713
EO,German,170825,0.862
Dennis_Lloyd,Nevermind,156600,0.6
girl_in_red,we_fell_in_love_in_october,184153,0.566
Selena_Gomez,Wolves,197993,0.724
Tiesto,Jackie_Chan,215759,0.747
Tom_Walker,Leave_a_Light_On,185863,0.586
Sofia_Reyes,1_2_3,201526,0.792
Marshmello,Silence,180822,0.52
5_Seconds_of_Summer,Youngblood,203417,0.596
Loud_Luxury,Body,163216,0.752
Liam_Payne,For_You,245453,0.541
NF,Let_You_Down,212120,0.662
XXXTENTACION,changes,121886,0.669
Maluma,Corazon,184720,0.722
Cardi_B,Bodak_Yellow,223712,0.926
Lil_Baby,Yes_Indeed,142273,0.963
Jonas_Blue,Rise,194407,0.687
David_Guetta,Flames,194680,0.631
Ozuna,Vaina_Loca,176133,0.754
Charlie_Puth,How_Long,200853,0.845
Post_Malone,Better_Now,231266,0.68
BlocBoy_JB,Look_Alive,181263,0.922
Eminem,River,221013,0.748
Marshmello,Happier,214289,0.687
Dean_Lewis,Be_Alright,196373,0.553
Charlie_Puth,Done_for_Me,180493,0.856
Migos,Stir_Fry,190288,0.817
YG,BIG_BANK,237240,0.745
Drake,In_My_Feelings,217925,0.835
B_Young,Jumanji,173153,0.791
Charlie_Puth,The_Way_I_Am,186080,0.755
Reik,Me_Niego,221653,0.777
benny_blanco,Eastside,173799,0.56
Luis_Fonsi,Echame_la_culpa,173720,0.733
MK,17,196489,0.703
Rita_Ora,Anywhere,215064,0.628
Banx_&_Ranx,Answerphone,190920,0.671
Ella_Mai,Trip,213993,0.477
Daddy_Yankee,Dura,200480,0.783
DJ_Khaled,No_Brainer,260000,0.552
Anne,2002,186986,0.697
Bruno_Mars,Finesse,217288,0.704
FINNEAS,Let's_Fall_in_Love_for_the_Night,190348,0.737
Hugh_Jackman,The_Greatest_Show,302146,0.417
Halsey,Bad_At_Love,181279,0.675
Drake,I'm_Upset,214466,0.899
Camila_Cabello,Never_Be_the_Same,226973,0.637
M.O,Bad_Vibe,214253,0.813
Dua_Lipa,IDGAF,217946,0.836
Cashmere_Cat,Miss_You,186231,0.747
Bazzi,Mine,131064,0.71
Lil_Dicky,Freaky_Friday,216631,0.755
Lauv,I_Like_Me_Better,197436,0.752
The_Chainsmokers,This_Feeling,197946,0.575
Maroon_5,Girls_Like_You,235545,0.851
Khalid,Love_Lies,201707,0.708
Drake,Nice_For_What,210746,0.585
Kendrick_Lamar,LOVE._FEAT._ZACARI.,213400,0.8
Post_Malone,Psycho,221440,0.75
Lil_Nas_X,Old_Town_Road,157066,0.878
Billie_Eilish,bad_guy,194087,0.701
Shawn_Mendes,Senorita,190799,0.759
Ariana_Grande,7_rings,178626,0.778
Post_Malone,Sunflower,157560,0.755
Gesaffelstein,Lost_in_the_Fire,202093,0.658
Halsey,Without_Me,201660,0.752
Regard,Ride_It,157605,0.88
Lady_Gaga,Shallow,215733,0.572
Mark_Ronson,Nothing_Breaks_Like_a_Heart,217466,0.601
Lewis_Capaldi,Someone_You_Loved,182160,0.501
Jax_Jones,All_Day_And_Night,169303,0.585
Mustard,Pure_Water,192470,0.682
NLE_Choppa,Shotta_Flow,176631,0.894
Kodak_Black,ZEZE,228759,0.861
Daddy_Yankee,Con_Calma,193226,0.737
Alec_Benjamin,Let_Me_Down_Slowly,169353,0.652
BLACKPINK,Kill_This_Love,189052,0.738
Offset,Clout,205803,0.919
MEDUZA,Piece_Of_Your_Heart,152913,0.677
Ed_Sheeran,Antisocial,161746,0.716
Travis_Scott,SICKO_MODE,312820,0.834
Mabel,Mad_Love,169813,0.631
Lana_Del_Rey,Doin'_Time,202192,0.641
DJ_Snake,Taki_Taki,212500,0.842
A_Boogie_Wit_da_Hoodie,Look_Back_at_It,179449,0.791
Saweetie,My_Type,126446,0.899
Lil_Tecca,Ransom,131240,0.745
Russ_Millions,Keisha_&_Becky,252906,0.863
Billie_Eilish,lovely,200185,0.351
Mabel,Don't_Call_Me_Up,178480,0.674
Lil_Nas_X,Old_Town_Road,113000,0.907
Meek_Mill,Going_Bad,180522,0.889
Post_Malone,Wow.,149546,0.829
Doja_Cat,Juicy,202333,0.786
A_Boogie_Wit_da_Hoodie,Swervin,189486,0.581
iann_dior,emotions,131213,0.63
Paulo_Londra,Adan_y_Eva,256971,0.767
Drake,Money_In_The_Grave,205426,0.831
Lil_Nas_X,Panini,114893,0.703
Bad_Bunny,MIA,210367,0.817
Polo_G,Pop_Out,166560,0.772
Juice_WRLD,Robbery,240050,0.685
21_Savage,a_lot,288624,0.837
Young_Thug,The_London,200106,0.796
Anuel_AA,China,301714,0.786
Camila_Cabello,Liar,207038,0.74
Flipp_Dinero,Leave_Me_Alone,195637,0.792
Cardi_B,Money,183527,0.95
Ariana_Grande,break_up_with_your_girlfriend_i'm_bored,190440,0.726
Dave,Location,241293,0.812
Ava_Max,Sweet_but_Psycho,187436,0.719
Dua_Lipa,Don't_Start_Now,183290,0.794
Young_T_&_Bugsey,Strike_a_Pose,214203,0.531
Calvin_Harris,Giant,229184,0.807
Ed_Sheeran,Take_Me_Back_to_London,189733,0.885
Cardi_B,Please_Me,200889,0.747
Stormzy,Vossi_Bop,196266,0.682
Tones_And_I,Dance_Monkey,209438,0.824
Ariana_Grande,boyfriend,186106,0.4
Bad_Bunny,Callaita,250533,0.61
Ava_Max,So_Am_I,183026,0.682
Pedro_Capo,Calma,238200,0.826
J._Cole,MIDDLE_CHILD,213593,0.837
Lunay,Soltera,266086,0.795
Khalid,Better,229412,0.442
Blueface,Thotiana,129264,0.906
DaBaby,Suge,163320,0.876
AJ_Tracey,Ladbroke_Grove,190537,0.903
Billie_Eilish,bury_a_friend,193143,0.905
BTS,Boy_With_Luv,229773,0.645
Wiley,Boasty,177185,0.887
Jonas_Brothers,Only_Human,183000,0.795
5_Seconds_of_Summer,Easier,157492,0.505
Avicii,SOS,157202,0.802
Tyler_The_Creator,EARFQUAKE,190066,0.554
Ashley_O,On_A_Roll,154447,0.736
Dominic_Fike,3_Nights,177666,0.815
Sigala,Wish_You_Well,205653,0.669
Megan_Thee_Stallion,Hot_Girl_Summer,199427,0.872
Anuel_AA,Secreto,258800,0.807
Sam_Feldt,Post_Malone,174444,0.59
Kehlani,Nights_Like_This,201787,0.61
Sech,Otro_Trago,225933,0.746
Post_Malone,Better_Now,231266,0.68
Ed_Sheeran,Cross_Me,206186,0.746
Lauv,i'm_so_tired...,162582,0.599
iann_dior,gone_girl,136568,0.677
Panic!_At_The_Disco,High_Hopes,190946,0.579
Marshmello,One_Thing_Right,181823,0.659
Sam_Smith,How_Do_You_Sleep?,202204,0.477
NSG,Options,240081,0.836
Normani,Motivation,193837,0.599
Joel_Corry,Sorry,188640,0.744
Post_Malone,Goodbyes,174960,0.58
Jonas_Brothers,Sucker,181026,0.842
Taylor_Swift,Cruel_Summer,178426,0.552
Blanco_Brown,The_Git_Up,200593,0.847
Sam_Smith,Dancing_With_A_Stranger,171029,0.741
Post_Malone,Circles,215280,0.695